CodCirc,COM,DIV,DSV,DVC,DVD,DVG,ECO,ENS,EXD,EXG,FI,HOR,LR,RDG,REC,REG,RN,SOC,UDI,UG,UXD,VEC
0101,False,False,True,False,False,False,False,True,False,True,False,False,True,False,False,False,True,False,False,True,False,False
0102,False,False,False,True,False,False,False,False,True,True,False,False,True,False,False,False,True,False,False,True,False,False
0103,False,True,True,False,False,False,False,True,False,True,False,False,True,False,False,False,True,False,False,True,False,False
0104,False,True,False,False,False,False,False,True,False,True,False,False,True,False,False,False,True,False,False,True,False,False
0105,False,False,False,False,True,False,True,True,False,True,False,False,True,False,True,False,False,False,False,True,True,False
0201,False,True,False,False,False,False,False,True,False,True,False,False,False,False,True,False,True,False,False,True,False,False
0202,False,False,False,False,False,False,False,False,False,True,False,False,True,False,True,False,True,False,False,True,False,False
0203,False,False,True,False,False,True,False,False,True,True,False,False,False,False,True,False,False,False,False,False,False,False
0204,False,False,False,False,False,False,False,True,True,True,False,False,False,False,False,False,True,False,False,True,False,False
0205,False,False,False,False,False,False,False,True,False,True,False,False,True,False,False,False,True,False,False,True,False,False
0301,False,False,False,False,False,False,False,True,False,True,False,False,True,False,True,False,True,False,True,True,False,False
0302,False,False,False,False,True,False,False,True,False,True,False,False,True,False,True,False,True,False,False,True,False,False
0303,False,False,False,False,False,False,False,False,False,True,False,False,True,False,False,False,True,False,False,True,False,False
0401,False,False,False,False,False,False,False,True,False,True,False,False,True,False,True,False,True,False,True,True,False,False
0402,False,False,False,False,True,False,False,True,False,True,False,False,False,False,True,False,False,False,False,True,True,False
0501,False,False,False,False,False,False,False,True,False,True,False,False,True,False,False,False,True,False,False,True,False,False
0502,False,True,False,False,False,False,False,True,False,True,False,False,False,False,False,False,True,False,False,True,False,False
0601,False,True,False,False,False,False,True,True,False,True,False,False,True,False,False,True,False,False,False,True,True,False
0602,False,False,False,False,False,False,True,True,True,True,False,False,True,False,False,False,True,False,False,True,False,False
0603,False,False,True,False,False,False,True,True,False,True,False,False,False,False,False,False,False,False,False,True,True,False
0604,False,False,False,False,False,False,True,True,False,True,False,False,False,False,False,False,True,False,False,True,False,False
0605,False,True,False,False,False,False,True,True,False,True,False,False,False,False,False,False,False,False,False,True,True,False
0606,False,False,False,False,False,False,True,False,False,True,False,False,True,False,False,False,True,False,False,True,False,False
0607,False,True,False,False,False,False,True,True,False,True,False,False,True,False,True,False,True,False,False,True,False,False
0608,False,True,False,False,False,False,True,True,False,True,False,False,True,False,False,False,True,False,False,True,False,False
0609,False,False,False,False,False,False,True,False,True,True,False,False,True,False,False,False,True,False,False,True,False,False
0701,False,False,True,False,False,False,False,True,False,True,False,False,True,False,True,False,True,False,False,True,False,False
0702,False,True,True,False,True,False,False,True,False,True,False,False,False,False,True,False,False,False,False,True,True,False
0703,False,True,False,False,True,False,False,True,False,True,False,False,False,False,True,True,True,False,False,True,False,False
0801,False,True,False,False,False,False,True,True,True,True,False,False,True,False,False,False,True,False,False,True,False,False
0802,False,False,False,False,True,False,False,True,False,True,False,False,False,False,False,False,True,False,False,True,False,False
0803,False,False,False,True,False,False,False,False,False,True,False,False,False,False,False,False,True,False,False,True,False,False
0901,False,False,False,False,False,False,False,False,False,True,False,False,False,False,True,False,True,False,False,True,False,False
0902,False,False,False,False,True,False,False,False,False,True,False,False,False,False,True,False,True,False,False,True,False,False
1001,False,False,False,False,False,False,False,True,False,True,False,False,True,False,False,False,True,False,False,True,False,False
1002,False,False,False,False,False,False,False,True,False,True,False,False,True,False,False,False,True,False,False,True,False,False
1003,False,False,False,False,True,False,True,True,False,True,False,False,True,False,False,False,True,False,False,True,False,False
1101,False,False,False,True,False,True,False,True,False,True,False,False,True,False,True,True,True,False,False,True,False,False
1102,False,True,False,False,True,False,False,True,False,True,False,False,False,False,True,True,True,False,False,True,False,False
1103,False,True,False,False,False,False,False,True,False,True,False,False,True,False,True,False,True,False,True,True,False,False
1201,False,False,False,False,True,False,False,True,False,True,False,False,False,False,False,False,True,False,False,True,False,False
1202,False,False,True,False,False,False,False,True,False,True,False,False,False,False,False,False,True,False,False,True,False,False
1203,False,False,False,False,False,False,True,True,False,True,False,False,False,False,False,False,False,False,False,True,True,False
1301,False,False,True,False,False,False,False,True,False,True,False,False,False,False,True,False,True,False,False,True,False,False
1302,False,False,False,False,False,True,False,True,False,True,False,False,True,False,True,False,True,False,False,True,False,False
1303,False,False,False,False,False,False,True,True,False,True,False,False,True,False,True,False,True,False,False,True,False,False
1304,False,True,False,False,False,True,True,True,False,True,False,False,True,False,True,True,True,False,False,True,False,False
1305,False,True,False,False,False,True,True,True,False,True,False,False,True,False,True,True,True,False,False,True,False,False
1306,False,True,False,True,True,False,True,True,True,True,False,False,True,False,True,True,False,False,False,True,True,False
1307,False,False,False,False,False,True,False,True,False,True,False,False,False,False,True,False,True,False,False,True,False,False
1308,False,False,False,False,False,False,True,True,False,True,False,False,True,False,True,False,True,False,False,True,False,False
1309,False,True,False,False,False,False,True,True,False,True,False,False,True,False,True,False,True,False,False,True,False,False
1310,False,True,False,False,False,False,True,True,False,True,False,False,True,False,True,False,True,False,False,True,False,False
1311,False,False,True,False,False,False,False,True,False,True,False,False,True,False,True,False,True,False,False,True,False,False
1312,False,False,False,False,False,False,False,True,False,True,False,False,True,False,True,False,True,False,False,True,False,False
1313,False,False,True,False,False,False,False,True,False,True,False,False,False,False,True,False,True,False,False,True,False,False
1314,False,False,True,False,True,False,True,True,False,True,False,False,True,False,True,False,False,False,False,True,True,False
1315,False,True,False,False,False,False,False,True,False,True,False,False,True,False,True,False,True,False,False,True,False,False
1316,False,False,False,False,False,False,True,True,False,True,False,False,True,False,True,False,True,False,False,True,False,False
1401,False,False,False,False,True,False,False,False,False,True,False,False,False,False,True,False,True,False,False,True,False,False
1402,False,False,True,False,True,False,False,True,False,True,False,False,False,False,False,False,True,False,False,True,False,False
1403,False,True,True,False,False,False,False,True,False,True,False,False,False,False,False,False,True,False,False,True,False,False
1404,False,False,True,False,True,False,False,True,False,True,False,False,False,False,True,False,True,False,False,True,False,False
1405,False,False,True,False,True,False,False,True,False,True,False,False,False,False,True,False,True,False,False,True,False,False
1406,False,False,True,True,False,False,False,True,False,True,False,False,False,False,True,False,True,False,False,True,False,False
1501,False,False,False,False,True,False,False,False,False,True,False,True,False,False,True,False,True,False,False,True,False,False
1502,False,False,False,False,True,False,False,True,False,True,False,False,False,False,True,False,True,False,False,True,False,False
1601,False,False,False,False,False,False,False,False,False,True,False,True,True,False,True,False,True,False,False,True,False,False
1602,False,False,False,False,False,False,True,True,True,True,False,False,True,False,True,False,False,False,False,True,True,False
1603,False,False,False,False,False,False,False,True,False,True,False,False,False,False,True,False,True,False,True,True,False,False
1701,False,True,False,False,False,True,False,False,False,True,False,False,False,False,True,True,True,False,False,True,False,False
1702,False,False,False,False,False,False,False,True,False,True,False,False,True,False,False,False,True,False,False,True,False,False
1703,False,False,False,False,False,True,False,True,False,True,False,False,False,False,False,False,True,False,False,True,False,False
1704,False,False,False,False,False,False,False,True,False,True,False,False,True,False,False,False,True,False,False,True,False,False
1705,False,False,False,False,False,False,False,False,False,True,False,True,False,False,False,False,True,False,False,True,False,False
1801,False,False,False,False,False,False,False,True,False,True,False,False,False,False,False,True,True,False,False,True,False,False
1802,False,False,False,False,True,False,False,True,False,True,False,False,False,False,True,False,True,False,False,True,False,False
1803,False,False,True,False,False,False,False,True,False,True,False,False,True,False,True,False,True,False,False,True,False,False
1901,False,False,False,False,False,False,False,False,False,True,False,False,True,False,True,False,True,False,False,True,False,False
1902,False,False,False,False,False,False,False,False,False,True,False,False,True,False,False,False,True,False,False,True,False,False
2101,False,False,False,False,False,True,False,True,False,True,False,False,True,False,False,False,True,False,False,True,False,False
2102,False,False,True,False,False,False,True,True,False,True,False,False,True,False,True,False,True,False,False,True,False,False
2103,False,False,False,False,False,True,False,True,False,True,False,False,True,False,False,False,False,False,False,True,True,False
2104,False,False,False,False,False,False,False,False,False,True,False,False,True,False,False,False,True,False,False,True,False,False
2105,False,False,False,True,True,False,False,True,False,True,False,False,False,False,False,False,True,False,False,True,False,False
2201,False,False,False,True,False,False,True,True,False,True,False,False,True,False,False,False,True,False,False,True,False,False
2202,False,False,False,False,True,False,False,True,False,True,False,False,False,False,False,True,True,False,False,True,False,False
2203,False,True,False,False,False,False,False,True,False,True,False,False,True,False,False,True,True,False,False,True,False,False
2204,False,False,False,False,False,False,False,True,False,True,False,False,False,False,True,False,True,False,False,True,False,False
2205,False,False,False,False,False,False,False,True,False,True,False,False,False,False,False,False,True,False,False,True,False,False
2301,False,True,False,False,True,False,False,True,False,True,False,False,False,False,True,False,False,False,False,True,True,False
2401,False,True,False,False,False,False,False,True,False,True,False,False,True,False,True,False,True,False,False,True,False,False
2402,False,False,False,False,False,False,False,True,False,True,False,False,True,False,False,False,True,False,False,True,False,False
2403,False,False,False,False,False,False,False,True,False,True,False,False,True,False,False,False,True,False,False,True,False,False
2404,False,False,False,True,False,False,False,True,False,True,False,False,True,False,True,False,True,False,False,True,False,False
2501,False,False,False,False,False,False,True,True,False,True,False,False,False,False,False,True,True,False,False,True,False,False
2502,False,False,False,False,False,False,False,True,False,True,False,False,True,False,False,False,True,False,False,True,False,False
2503,False,False,True,False,False,False,False,True,False,True,False,False,False,False,False,False,False,False,False,True,True,False
2504,False,False,False,False,False,False,True,True,False,True,False,False,False,False,False,False,True,False,False,True,False,False
2505,False,True,False,False,False,False,False,True,False,True,False,False,True,False,False,False,True,False,False,True,False,False
2601,False,False,False,False,False,False,False,True,False,True,False,False,True,False,True,False,True,False,False,True,False,False
2602,False,False,False,False,True,False,False,True,False,True,False,False,True,False,True,False,True,False,False,True,False,False
2603,False,False,False,False,False,False,False,True,False,True,False,False,True,False,True,False,False,False,False,True,True,False
2604,False,False,True,False,False,False,False,True,False,True,False,False,True,False,True,False,True,False,False,True,False,False
2701,False,False,False,False,False,False,False,True,False,True,False,False,False,False,True,False,True,False,False,True,False,False
2702,False,False,False,True,True,False,False,True,False,True,False,False,False,False,True,False,True,False,False,True,False,False
2703,False,False,False,True,False,False,False,True,False,True,False,False,False,False,True,False,True,False,False,True,False,False
2704,False,False,False,True,False,False,False,True,False,True,False,False,False,False,True,False,True,False,False,True,False,False
2705,False,True,False,False,True,False,False,True,False,True,False,False,True,False,False,False,True,False,False,True,False,False
2801,False,False,False,False,False,False,False,True,False,True,False,False,True,False,True,False,True,False,False,True,False,False
2802,False,False,False,False,False,False,False,True,False,True,False,False,True,False,True,False,True,False,False,True,False,False
2803,False,False,False,True,False,False,False,False,False,True,False,False,True,False,True,False,True,False,False,False,False,False
2804,False,False,False,False,False,False,False,True,False,True,False,False,False,False,True,False,False,False,False,True,True,False
2901,False,False,False,False,False,False,False,True,False,True,False,False,True,False,True,False,True,False,False,True,False,False
2902,False,False,False,True,False,False,True,True,True,True,False,False,True,False,True,False,True,False,False,True,False,False
2903,False,True,True,False,False,False,False,True,False,True,False,False,False,False,True,True,True,False,False,True,False,False
2904,False,False,False,False,True,False,False,True,False,True,False,False,False,False,False,False,True,False,False,True,False,False
2905,False,False,True,True,False,False,False,True,False,True,False,False,True,False,False,True,True,False,False,True,False,False
2906,False,False,False,False,False,True,False,True,False,True,False,False,False,False,True,False,True,False,False,True,False,False
2907,False,False,False,True,False,False,False,True,False,True,False,False,True,False,False,True,True,False,False,True,False,False
2908,False,False,False,False,False,True,False,True,False,True,False,False,False,False,False,False,True,False,False,True,False,False
2A01,True,False,False,False,False,False,False,True,False,True,False,False,False,False,False,True,True,False,False,False,False,False
2A02,False,False,False,False,True,False,False,False,False,False,False,False,False,False,False,True,True,True,False,False,False,False
2B01,False,False,True,True,False,False,False,False,False,True,True,False,False,False,True,True,True,False,False,False,False,False
2B02,False,True,False,False,True,False,False,False,False,True,False,False,False,False,False,True,True,False,False,False,False,True
3001,False,False,False,False,False,False,False,True,False,True,False,False,True,False,False,False,True,False,False,True,False,False
3002,False,False,False,False,False,False,False,True,False,True,False,False,True,False,False,False,True,False,True,True,False,False
3003,False,False,False,False,True,False,False,True,False,True,False,False,True,False,False,True,True,False,False,True,False,False
3004,False,False,False,False,False,False,False,True,False,True,False,False,True,False,False,False,True,False,False,True,False,False
3005,False,True,False,False,False,False,False,True,True,True,False,False,True,False,False,False,False,False,False,True,True,False
3006,False,False,False,False,False,False,False,True,False,True,False,False,True,False,False,True,True,False,False,True,False,False
3101,False,True,False,True,False,False,False,True,False,True,False,False,False,False,True,False,True,False,False,True,False,False
3102,False,False,False,False,False,False,True,True,False,True,False,False,False,False,True,False,True,False,False,True,False,False
3103,False,False,False,True,True,True,True,True,False,True,False,False,True,False,True,True,True,False,False,True,False,False
3104,False,False,False,True,False,False,False,True,False,True,False,False,False,False,True,False,True,False,False,True,False,False
3105,False,False,False,False,False,False,False,True,False,True,False,False,False,False,True,True,True,False,False,True,False,False
3106,False,False,False,False,False,False,True,True,False,True,False,False,False,False,True,False,True,False,False,True,False,False
3107,False,False,False,False,False,False,False,True,False,True,False,False,False,False,False,False,False,False,False,True,True,False
3108,False,False,True,True,True,False,False,True,False,True,False,False,False,False,True,False,True,False,False,True,False,False
3109,False,False,False,True,False,False,False,True,False,True,False,False,False,False,True,False,True,False,False,True,False,False
3110,False,True,False,True,False,False,True,True,False,True,False,False,True,False,True,False,True,False,False,True,False,False
3201,False,False,False,False,False,False,True,True,False,True,False,False,False,False,True,True,True,False,False,True,False,False
3202,False,False,False,False,False,True,False,False,False,True,False,False,True,False,True,True,True,False,False,False,False,False
3301,False,False,False,True,False,False,False,True,False,True,False,False,False,False,True,False,True,False,False,True,False,False
3302,False,False,False,False,False,False,False,True,True,True,False,False,True,False,False,False,True,False,False,True,False,False
3303,False,True,False,False,False,True,False,True,False,True,False,False,False,False,True,False,True,False,False,True,False,False
3304,False,False,False,False,False,False,False,True,False,True,False,False,True,False,False,False,True,False,False,True,False,False
3305,False,False,False,True,True,False,False,True,False,True,False,False,False,False,False,False,True,False,False,True,False,False
3306,False,False,False,True,False,False,True,True,False,True,False,False,False,False,True,False,True,False,False,True,False,False
3307,False,False,False,True,False,False,True,True,False,True,False,False,False,False,True,False,True,False,False,True,False,False
3308,False,True,False,False,False,False,False,True,False,True,False,False,True,False,True,False,True,False,False,True,False,False
3309,False,False,False,False,False,False,False,True,False,True,False,False,False,False,True,False,True,False,False,True,False,False
3310,False,False,False,False,False,False,False,True,False,True,False,False,False,False,False,False,True,False,False,True,False,False
3311,False,False,False,False,False,False,False,True,False,True,False,False,False,False,False,False,True,False,False,True,False,False
3312,False,False,False,False,True,False,False,True,False,True,False,False,False,False,False,False,True,False,False,True,False,False
3401,False,False,False,False,True,False,False,True,False,True,False,False,True,False,True,False,False,False,False,True,True,False
3402,False,True,False,False,False,False,False,True,False,True,False,False,True,False,False,False,True,False,True,True,False,False
3403,False,False,False,False,False,False,True,True,False,True,False,False,False,False,True,False,True,False,False,True,False,False
3404,False,False,False,False,False,False,False,True,False,True,False,False,False,False,True,False,True,False,False,True,False,False
3405,False,True,False,False,False,False,False,True,False,True,False,False,False,False,True,False,True,False,False,True,False,False
3406,False,False,False,False,True,False,False,True,False,True,False,False,False,False,False,False,True,False,False,True,False,False
3407,False,False,False,False,False,False,False,True,False,True,False,False,False,False,False,False,True,False,False,True,False,False
3408,False,False,False,False,True,False,True,True,False,True,False,False,False,False,False,False,True,False,False,True,False,False
3409,False,False,False,False,True,False,False,True,False,True,False,False,False,False,True,False,False,False,False,True,True,False
3501,False,False,False,False,False,True,False,True,False,True,False,False,True,False,False,True,True,False,False,True,False,False
3502,False,False,False,False,False,False,True,True,False,True,False,False,True,False,False,False,True,False,False,True,False,False
3503,False,False,False,False,True,False,False,True,False,True,False,False,False,False,False,True,True,False,False,True,False,False
3504,False,False,True,False,False,False,False,True,False,True,False,False,True,False,False,False,True,False,False,True,False,False
3505,False,False,False,False,False,False,False,True,False,True,False,False,False,False,False,False,True,False,False,True,False,False
3506,False,False,False,True,False,True,False,True,False,True,False,False,False,False,False,False,True,False,False,True,False,False
3507,False,False,False,True,True,False,False,False,False,True,False,False,False,False,False,False,True,False,False,True,False,False
3508,False,False,False,False,False,False,True,True,False,True,False,False,True,False,False,True,True,False,False,True,False,False
3601,False,False,False,False,False,False,False,True,False,True,False,False,False,False,True,False,True,False,False,True,False,False
3602,False,True,False,False,False,False,False,False,False,True,False,False,True,False,False,False,False,False,False,True,True,False
3701,False,False,False,False,False,True,False,True,False,True,False,False,True,False,True,False,True,False,False,True,False,False
3702,False,False,False,False,False,False,False,True,False,True,False,False,True,False,True,False,True,False,False,True,False,False
3703,False,True,False,False,False,False,False,True,False,True,False,False,False,False,True,False,False,False,False,True,True,False
3704,False,False,False,False,False,False,False,True,False,True,False,False,True,False,False,False,True,False,False,True,False,False
3705,False,False,False,False,False,False,False,True,False,True,False,False,True,False,True,False,True,False,False,True,False,False
3801,False,False,False,False,False,False,False,True,False,True,False,False,True,False,False,False,False,False,False,True,True,False
3802,False,False,False,False,False,False,False,True,False,True,False,False,True,False,True,False,True,False,False,True,False,False
3803,False,False,False,False,False,True,True,True,False,True,False,False,True,False,True,False,True,False,True,True,False,False
3804,False,False,False,False,False,False,False,True,False,True,False,False,True,False,True,False,False,False,False,True,True,False
3805,False,False,True,True,False,False,False,True,False,True,False,False,False,False,True,False,True,False,False,True,False,False
3806,False,False,False,False,False,False,False,True,False,True,False,False,True,False,False,False,True,False,False,True,False,False
3807,False,False,False,False,False,False,False,True,False,True,False,False,True,False,False,False,True,False,False,True,False,False
3808,False,True,False,False,False,False,False,True,False,True,False,False,True,False,False,False,False,False,False,True,True,False
3809,False,True,False,False,False,False,True,True,False,True,False,False,True,False,True,False,True,False,False,True,False,False
3810,False,False,False,False,False,False,False,True,False,True,False,False,True,False,False,False,True,False,False,True,False,False
3901,False,False,False,False,False,False,False,True,False,True,False,False,False,False,False,False,True,False,False,True,False,False
3902,False,False,True,False,False,False,False,False,False,True,False,False,True,False,True,False,True,False,False,True,False,False
3903,False,False,False,False,False,False,False,False,False,True,False,False,True,False,False,False,True,False,False,True,False,False
4001,False,False,False,True,False,False,False,True,False,True,False,False,True,False,True,False,True,False,False,True,False,False
4002,False,False,False,False,False,False,False,True,False,True,False,False,True,False,True,True,True,False,False,True,False,False
4003,False,False,False,True,False,False,False,True,False,True,False,False,True,False,True,True,True,False,False,True,False,False
4101,False,True,False,True,False,False,False,True,False,True,False,False,True,False,False,False,True,False,False,True,False,False
4102,False,True,False,False,True,False,False,False,False,True,False,False,False,False,True,False,True,False,True,True,False,False
4103,False,False,False,False,False,False,False,True,False,True,False,False,False,False,True,False,True,False,False,True,False,False
4201,False,False,False,False,True,False,False,True,False,True,False,False,False,False,False,False,True,False,False,True,False,False
4202,False,False,False,True,False,False,True,False,False,True,False,False,False,False,False,False,True,False,True,True,False,False
4203,False,False,False,False,False,True,False,True,False,True,False,False,False,False,False,False,True,False,False,True,False,False
4204,False,False,False,False,False,False,False,False,False,True,False,False,True,False,False,False,True,False,False,True,False,False
4205,False,False,False,False,False,False,True,False,True,True,False,False,True,False,True,False,True,False,False,True,False,False
4206,False,False,False,True,False,False,True,False,False,True,False,False,True,False,True,False,True,False,False,True,False,False
4301,False,False,False,False,False,False,False,True,False,True,False,False,True,False,False,False,True,False,False,True,False,False
4302,False,False,False,False,False,False,False,True,False,True,False,False,True,False,False,False,True,False,False,True,False,False
4401,False,False,False,False,False,False,False,True,False,True,False,False,False,False,False,False,True,False,False,True,False,False
4402,False,True,False,False,False,True,False,True,False,True,False,False,True,False,False,False,True,False,False,True,False,False
4403,False,False,False,False,False,False,False,True,False,True,False,False,True,False,False,True,True,False,False,True,False,False
4404,False,False,False,False,True,False,True,True,False,True,False,False,False,False,False,False,True,False,False,True,False,False
4405,False,False,False,False,False,False,False,True,False,True,False,False,False,False,False,False,False,False,False,True,True,False
4406,False,False,True,False,True,False,False,False,False,True,False,False,False,False,False,False,True,False,False,True,False,False
4407,False,False,True,False,False,False,False,True,False,True,False,False,True,False,True,False,False,False,False,True,True,False
4408,False,False,False,False,False,True,False,True,False,True,False,False,True,False,False,False,True,False,False,True,False,False
4409,False,False,True,False,True,False,True,False,False,True,False,False,False,False,True,True,True,False,False,True,False,False
4410,False,False,True,False,False,True,False,True,False,True,False,False,True,False,False,False,True,False,False,True,False,False
4501,False,False,False,True,False,False,False,True,False,True,False,False,False,False,True,False,True,False,False,True,False,False
4502,False,False,False,False,False,True,True,True,False,True,False,False,True,False,True,False,True,False,False,True,False,False
4503,False,False,False,True,False,False,False,False,False,True,False,False,False,False,True,False,True,False,False,True,False,False
4504,False,True,False,False,False,False,False,True,False,True,False,False,True,False,True,False,True,False,False,True,False,False
4505,False,True,False,False,True,False,False,True,False,True,False,False,False,False,True,False,True,False,False,True,False,False
4506,False,False,True,False,False,False,False,True,False,True,False,False,True,False,True,False,True,False,False,True,False,False
4601,False,False,False,False,False,False,False,True,False,True,False,False,True,False,True,False,True,False,False,True,False,False
4602,False,True,False,False,False,True,False,True,False,True,False,False,False,False,False,False,True,False,False,True,False,False
4701,False,False,False,False,False,False,False,True,False,True,False,False,False,False,False,True,True,False,False,True,False,False
4702,False,False,False,False,False,False,False,True,False,True,False,False,False,False,False,False,True,False,False,True,False,False
4703,False,False,False,False,True,True,False,False,False,True,False,False,False,False,False,False,True,False,False,True,False,False
4801,False,True,False,True,False,True,False,False,False,True,False,False,False,False,False,False,True,False,False,True,False,False
4901,False,False,False,False,False,False,False,True,False,True,False,False,True,False,True,False,True,False,False,True,False,False
4902,False,False,False,True,False,False,False,True,False,True,False,False,True,False,False,False,True,False,False,True,False,False
4903,False,False,False,False,False,False,False,True,False,True,False,False,True,False,False,False,True,False,False,True,False,False
4904,False,False,True,False,False,False,False,True,False,True,False,False,True,False,False,False,True,False,False,True,False,False
4905,False,False,True,False,False,False,False,True,False,True,False,False,True,False,True,False,False,False,False,True,True,False
4906,False,False,True,False,False,False,False,True,False,True,False,False,True,False,False,False,True,False,False,True,False,False
4907,False,False,True,False,True,False,False,True,False,True,False,False,True,False,True,False,True,False,False,True,False,False
5001,False,False,False,False,True,False,True,True,False,True,False,False,False,False,True,False,True,False,False,True,False,False
5002,False,False,False,False,True,False,False,True,False,True,False,False,False,False,True,False,True,False,False,True,False,False
5003,False,True,True,False,False,False,True,True,False,True,False,False,False,False,True,False,False,False,False,True,True,False
5004,False,False,False,False,True,False,False,True,False,True,False,False,False,False,True,False,False,False,False,True,True,False
5101,False,False,False,False,True,False,False,True,False,True,False,False,False,False,False,False,False,False,False,True,False,False
5102,False,False,False,False,True,False,True,True,False,True,False,False,False,False,True,False,True,False,False,True,False,False
5103,False,False,True,False,False,False,False,True,False,True,False,False,False,False,True,False,False,False,False,True,True,False
5104,False,True,False,False,False,False,False,True,False,True,False,False,True,False,False,False,True,False,False,True,False,False
5105,False,False,False,True,False,False,False,False,False,True,False,False,False,False,False,False,True,False,False,True,False,False
5201,False,True,False,False,False,False,False,True,False,True,False,False,False,False,False,False,True,False,False,True,False,False
5202,False,False,False,False,True,False,False,False,False,True,False,False,False,False,False,False,True,False,False,True,False,False
5301,False,False,False,False,True,False,False,False,False,True,False,False,False,False,False,False,True,False,True,True,False,False
5302,False,True,False,False,True,False,False,True,False,True,False,False,False,False,False,False,True,False,False,True,False,False
5303,False,False,False,False,False,False,False,False,False,True,False,True,False,False,False,False,True,False,False,True,False,False
5401,False,False,True,False,False,False,False,True,False,True,False,False,True,False,False,False,True,False,False,True,False,False
5402,False,False,False,False,False,False,False,True,False,True,False,False,True,False,True,False,True,False,False,True,False,False
5403,False,False,False,False,False,False,False,True,False,True,False,False,True,False,False,False,True,False,False,True,False,False
5404,False,False,False,False,False,False,False,False,False,True,False,False,True,False,True,False,True,False,False,True,False,False
5405,False,True,False,False,False,False,False,False,True,True,False,False,True,False,False,False,False,False,False,True,False,False
5406,False,False,True,False,False,False,True,True,False,True,False,False,True,False,False,False,True,False,False,True,False,False
5501,False,False,True,False,True,False,False,False,False,True,False,False,False,False,False,False,True,False,False,True,False,False
5502,False,False,False,False,True,False,True,False,False,True,False,False,False,False,False,False,True,False,False,True,False,False
5601,False,True,False,False,False,True,False,True,False,True,False,False,False,False,False,True,True,False,False,True,False,False
5602,False,False,False,False,True,False,False,True,False,True,False,False,False,False,False,True,True,False,False,True,False,False
5603,False,False,True,False,True,False,True,True,False,True,False,False,False,False,False,True,True,False,False,True,False,False
5604,False,False,True,False,False,False,True,True,False,True,False,False,False,False,False,True,True,False,False,True,False,False
5605,False,False,False,False,False,False,False,True,False,True,False,False,False,False,False,False,True,False,False,True,False,False
5606,False,False,True,False,True,False,False,True,False,True,False,False,False,False,False,False,True,False,False,True,False,False
5701,False,True,True,False,False,False,False,True,False,True,False,False,False,False,False,False,True,False,False,True,False,False
5702,False,True,False,False,False,False,False,True,False,True,False,False,False,False,False,True,True,False,False,True,False,False
5703,False,False,False,False,False,False,False,False,False,True,False,False,False,False,False,False,True,False,True,True,False,False
5704,False,False,False,False,False,False,False,True,False,True,False,False,True,False,True,True,True,False,False,True,False,False
5705,False,False,True,False,False,False,False,False,False,True,False,False,True,False,True,True,True,False,False,True,False,False
5706,False,False,False,False,True,True,False,False,False,True,False,False,True,False,False,False,True,False,False,True,False,False
5707,False,True,False,False,True,False,False,True,False,True,False,False,False,False,False,False,True,False,False,True,False,False
5708,False,False,False,False,False,False,False,True,False,True,False,False,True,False,False,False,True,False,False,True,False,False
5709,False,True,False,False,False,False,False,True,False,True,False,False,False,False,True,False,True,False,False,True,False,False
5801,False,False,True,False,False,False,False,True,False,True,False,False,True,False,False,False,True,False,False,True,False,False
5802,False,False,True,False,False,True,False,True,False,True,False,False,True,False,False,False,True,False,False,True,False,False
5901,False,True,False,False,True,True,False,True,False,True,False,False,False,False,False,True,True,False,False,True,False,False
5902,False,True,False,False,False,False,False,True,False,True,False,False,True,False,False,False,True,False,False,True,False,False
5903,False,False,False,False,False,True,False,False,False,True,False,False,False,False,True,False,True,False,False,False,False,False
5904,False,True,False,False,True,False,False,True,False,True,False,False,True,False,True,False,True,False,False,True,False,False
5905,False,False,False,False,True,False,False,False,False,True,False,False,False,False,False,False,True,False,False,True,False,False
5906,False,False,False,False,False,False,False,True,False,True,False,False,True,False,False,False,False,False,False,True,True,False
5907,False,False,False,False,False,False,False,False,False,True,False,True,False,False,True,False,True,False,False,True,False,False
5908,False,False,True,True,False,False,False,False,False,True,False,False,False,False,False,False,True,False,False,True,False,False
5909,False,True,False,False,True,False,False,True,False,True,False,False,True,False,True,False,True,False,False,True,False,False
5910,False,False,False,False,True,False,False,True,False,True,False,False,False,False,True,False,True,False,False,True,False,False
5911,False,False,False,False,False,False,False,True,False,True,False,False,False,False,False,False,True,False,False,True,False,False
5912,False,False,False,False,True,False,False,False,False,True,False,False,False,False,True,False,True,False,False,True,False,False
5913,False,True,False,False,False,False,False,False,False,True,False,False,False,False,False,False,True,False,False,True,False,False
5914,False,False,True,False,True,False,False,False,False,True,False,False,False,False,False,False,False,False,False,True,True,False
5915,False,False,False,False,True,False,False,False,False,True,False,False,False,False,False,False,True,False,False,True,False,False
5916,False,False,False,False,False,False,False,True,False,True,False,False,False,False,False,False,True,False,False,True,False,False
5917,False,False,False,False,False,False,False,True,False,True,False,False,True,False,False,False,True,False,False,True,False,False
5918,False,False,False,False,True,False,False,False,False,True,False,False,False,False,False,False,True,False,False,True,False,False
5919,False,True,False,False,False,False,False,True,False,True,False,False,False,False,False,False,True,False,False,True,False,False
5920,False,False,False,False,False,False,False,True,False,True,False,False,False,False,False,False,True,False,True,True,False,False
5921,False,False,False,False,True,False,False,False,False,True,False,False,False,False,True,False,True,False,True,True,False,False
6001,False,False,False,True,False,False,True,True,False,True,False,False,True,False,True,False,True,False,False,True,False,False
6002,False,False,False,False,False,False,True,False,False,True,False,False,True,False,True,False,True,False,False,True,False,False
6003,False,True,False,False,False,False,False,True,False,True,False,False,False,False,False,False,True,False,True,True,False,False
6004,False,False,True,True,False,False,True,True,False,True,False,False,True,False,True,False,True,False,False,True,False,False
6005,False,False,True,False,False,False,False,True,False,True,False,False,True,False,True,False,True,False,False,True,False,False
6006,False,False,False,False,True,False,False,False,False,True,False,False,False,False,True,False,True,False,True,True,False,False
6007,False,False,True,False,False,False,False,True,False,True,False,False,True,False,True,False,True,False,False,True,False,False
6101,False,False,True,True,True,False,False,True,False,True,False,False,False,False,True,False,True,False,False,True,False,False
6102,False,True,True,False,True,False,False,True,False,True,False,False,False,False,True,False,True,False,False,True,False,False
6103,False,False,False,False,True,False,False,False,False,True,False,False,False,False,True,False,True,False,False,True,False,False
6201,False,False,False,False,False,True,False,True,False,True,False,False,True,False,False,False,True,False,False,True,False,False
6202,False,False,False,True,False,False,True,True,False,True,False,False,True,False,True,False,True,False,False,True,False,False
6203,False,False,False,False,False,False,False,True,False,True,False,False,False,False,True,False,True,False,True,True,False,False
6204,False,True,False,True,False,False,False,True,False,True,False,False,True,False,True,False,True,False,False,True,False,False
6205,False,False,False,False,False,False,False,True,False,True,False,False,True,False,False,False,True,False,False,True,False,False
6206,False,True,False,False,False,False,False,True,False,True,False,False,True,False,False,False,True,False,False,True,False,False
6207,False,False,False,False,False,False,False,False,False,True,False,False,True,False,True,False,True,False,False,True,False,False
6208,False,True,False,False,False,False,False,True,False,True,False,False,False,False,True,False,True,False,False,True,False,False
6209,False,False,False,False,True,False,False,True,False,True,False,False,False,False,False,False,True,False,True,True,False,False
6210,False,False,False,False,False,False,False,True,False,True,False,False,True,False,False,False,True,False,False,True,False,False
6211,False,False,False,False,False,True,False,True,False,True,False,False,True,False,True,False,True,False,False,True,False,False
6212,False,False,False,True,False,False,False,False,False,True,False,False,False,False,False,False,True,False,False,True,False,False
6301,False,False,False,False,False,False,False,True,False,True,False,False,True,False,False,False,True,False,False,True,False,False
6302,False,False,False,False,False,False,False,True,False,True,False,False,True,False,True,False,True,False,False,True,False,False
6303,False,False,False,False,True,True,False,True,False,True,False,False,True,False,True,False,True,False,False,True,False,False
6304,False,False,False,False,False,False,False,True,False,True,False,False,True,False,True,False,True,False,False,True,False,False
6305,False,False,False,False,False,False,False,True,False,True,False,False,True,False,False,False,True,False,False,True,False,False
6401,False,False,False,False,False,True,True,True,False,True,False,False,True,False,False,False,True,False,False,True,False,False
6402,False,False,False,False,False,False,True,True,False,True,False,False,True,False,False,True,True,False,False,True,False,False
6403,False,False,False,False,False,True,True,False,False,True,False,False,True,False,False,True,True,False,False,True,False,False
6404,False,False,False,False,True,False,False,False,False,True,False,False,True,False,False,True,True,False,False,True,False,False
6405,False,True,False,False,False,False,True,True,False,True,False,False,True,False,True,True,True,False,False,True,False,False
6406,False,True,False,True,False,False,True,True,False,True,False,False,True,False,False,True,False,False,False,True,True,False
6501,False,True,False,False,False,False,False,False,False,True,False,False,True,False,True,False,True,False,False,True,False,False
6502,False,True,False,False,False,False,False,True,False,True,False,False,True,False,True,True,True,False,False,True,False,False
6601,False,False,False,True,False,False,False,True,False,True,False,False,True,False,True,True,True,False,False,True,False,False
6602,False,False,False,True,False,False,False,False,False,True,False,False,False,False,True,True,True,False,False,True,False,False
6603,False,False,False,False,False,False,False,True,False,True,False,False,False,False,True,True,True,False,False,True,False,False
6604,False,False,False,False,False,False,False,True,False,True,False,False,True,False,True,True,True,False,False,True,False,False
6701,False,True,False,False,False,True,True,True,False,True,False,False,True,False,True,True,True,False,False,True,False,False
6702,False,False,False,False,False,True,True,True,False,True,False,False,True,False,False,True,True,False,False,True,False,False
6703,False,True,False,False,False,True,True,True,False,True,False,False,True,False,True,True,True,False,False,True,False,False
6704,False,False,False,False,True,False,False,True,False,True,False,False,True,False,True,True,True,False,False,True,False,False
6705,False,False,True,False,False,False,True,True,False,True,False,False,True,False,False,True,True,False,False,True,False,False
6706,False,True,True,False,False,False,False,True,False,True,False,False,True,False,True,True,True,False,False,True,False,False
6707,False,False,False,False,False,False,False,True,False,True,False,False,True,False,True,True,True,False,False,True,False,False
6708,False,False,True,False,True,False,True,True,False,True,False,False,False,False,True,False,True,False,False,True,False,False
6709,False,False,False,False,True,False,False,True,False,True,False,False,False,False,True,True,True,False,False,True,False,False
6801,False,False,True,False,False,False,False,True,False,True,False,False,True,False,True,True,True,False,False,True,False,False
6802,False,True,True,False,True,True,False,True,False,True,False,False,False,False,True,True,True,False,False,True,False,False
6803,False,False,True,False,True,False,True,True,False,True,False,False,False,False,True,True,True,False,False,True,False,False
6804,False,False,False,False,False,False,True,False,False,True,False,False,True,False,True,True,True,False,False,True,False,False
6805,False,False,False,False,False,True,True,True,False,True,False,False,False,False,True,True,True,False,False,True,False,False
6806,False,False,True,False,True,False,True,True,False,True,False,False,False,False,True,True,True,False,False,True,False,False
6901,False,True,False,False,False,False,True,True,False,True,False,False,True,False,True,False,True,False,False,True,False,False
6902,False,True,False,False,False,False,False,True,False,True,False,False,True,False,True,True,True,False,False,True,False,False
6903,False,True,False,False,False,False,True,True,False,True,False,False,True,False,True,False,True,False,True,True,False,False
6904,False,True,False,False,False,False,False,True,False,True,False,False,True,False,True,False,True,False,False,True,False,False
6905,False,False,False,False,False,False,False,True,False,True,False,False,True,False,True,False,True,False,False,True,False,False
6906,False,True,False,False,False,True,False,False,False,True,False,False,True,False,False,False,True,False,False,True,False,False
6907,False,False,False,False,False,False,False,True,False,True,False,False,True,False,True,False,True,False,False,True,False,False
6908,False,False,False,False,False,False,False,True,False,True,False,False,True,False,True,False,True,False,False,True,False,False
6909,False,False,False,False,False,False,False,True,False,True,False,False,True,False,False,True,False,False,False,True,True,False
6910,False,False,False,False,True,False,False,True,False,True,False,False,True,False,True,False,True,False,False,True,False,False
6911,False,False,False,False,False,False,True,True,False,True,False,False,True,False,False,False,False,False,False,True,True,False
6912,False,False,False,False,False,False,False,True,False,True,False,False,True,False,True,False,True,False,False,True,False,False
6913,False,False,False,False,True,True,False,True,False,True,False,False,True,False,True,False,True,False,False,True,False,False
6914,False,False,False,False,False,False,False,True,False,True,False,False,True,False,True,False,True,False,False,True,False,False
7001,False,True,False,False,False,False,False,True,False,True,False,False,False,False,True,False,True,False,False,True,False,False
7002,False,False,False,False,False,False,False,True,False,True,False,False,True,False,True,False,True,False,False,True,False,False
7101,False,False,True,False,False,False,False,True,False,True,False,False,True,False,False,False,True,False,False,True,False,False
7102,False,False,False,False,False,False,False,True,False,True,False,False,True,False,False,False,True,False,False,True,False,False
7103,False,True,True,False,True,False,False,True,False,True,False,False,False,False,False,False,True,False,False,True,False,False
7104,False,False,True,False,False,False,False,False,False,True,False,False,True,False,False,False,False,False,False,True,True,False
7105,False,False,False,False,True,False,False,True,False,True,False,False,False,False,False,False,True,False,False,True,False,False
7201,False,False,False,False,False,False,False,True,False,True,False,False,True,False,False,False,True,False,False,True,False,False
7202,False,True,False,False,False,False,False,False,False,True,False,False,False,False,False,False,False,False,True,True,True,False
7203,False,False,True,False,False,False,False,True,False,True,False,False,True,False,True,False,True,False,False,True,False,False
7204,False,False,False,False,True,False,False,True,False,True,False,False,True,False,False,True,True,False,False,True,False,False
7205,False,False,True,False,False,False,False,True,False,True,False,False,False,False,False,False,True,False,False,True,False,False
7301,False,False,True,False,False,False,True,True,False,True,False,False,False,False,True,False,False,False,False,True,True,False
7302,False,False,True,False,False,False,False,False,False,True,False,False,True,False,True,True,True,False,False,True,False,False
7303,False,False,False,False,False,False,False,False,False,True,False,False,True,False,False,False,True,False,False,True,False,False
7304,False,True,True,False,False,False,False,True,False,True,False,False,False,False,False,False,True,False,True,True,False,False
7401,False,True,False,False,False,False,False,True,False,True,False,False,True,False,True,False,True,False,False,True,False,False
7402,False,False,False,False,False,False,False,True,False,True,False,False,True,False,True,True,True,False,False,True,False,False
7403,False,False,False,False,True,False,False,False,False,True,False,False,False,False,False,True,False,False,False,True,True,False
7404,False,True,False,True,False,False,False,False,False,True,False,False,True,False,False,True,True,False,False,True,False,False
7405,False,False,False,False,True,False,False,True,False,True,False,False,False,False,True,True,False,False,False,True,True,False
7406,False,False,False,False,False,False,False,True,False,True,False,False,True,False,False,False,False,False,False,True,True,False
7501,False,True,False,True,True,False,False,True,False,True,False,False,True,False,True,True,True,False,False,True,False,False
7502,False,False,False,True,True,True,True,True,False,True,False,False,False,False,True,False,True,False,False,True,False,False
7503,False,False,False,True,True,True,True,True,False,True,False,False,True,False,True,False,True,False,False,True,False,False
7504,False,True,False,False,True,True,False,True,False,True,False,False,False,False,True,False,False,False,False,True,True,False
7505,False,False,False,True,False,True,True,True,False,True,False,False,True,False,True,False,True,False,False,True,False,False
7506,False,True,False,True,False,True,True,True,False,True,False,False,True,False,True,False,True,False,False,True,False,False
7507,False,False,False,True,False,False,True,True,False,True,False,False,True,False,True,False,True,False,False,True,False,False
7508,False,False,False,True,False,True,False,True,False,True,False,False,True,False,True,True,True,False,False,True,False,False
7509,False,False,False,True,True,False,True,True,True,True,False,False,False,False,True,False,True,False,False,True,False,False
7510,False,True,False,True,False,False,True,True,False,True,False,False,True,False,True,False,True,False,False,True,False,False
7511,False,True,False,True,False,False,True,True,False,True,False,False,True,False,True,False,True,False,False,True,False,False
7512,False,False,False,True,False,True,True,True,False,True,False,False,True,False,True,False,False,False,False,True,True,False
7513,False,False,True,False,True,False,True,True,True,True,False,False,False,False,True,True,True,False,False,True,False,False
7514,False,False,False,True,False,False,False,True,False,True,False,False,True,False,True,False,False,False,False,True,True,False
7515,False,True,True,True,False,True,False,True,False,True,False,False,True,False,True,False,True,False,False,True,False,False
7516,False,True,False,True,False,False,True,True,False,True,False,False,True,False,True,False,True,False,False,True,False,False
7517,False,False,True,True,False,False,True,True,False,True,False,False,True,False,True,False,True,False,False,True,False,False
7518,False,False,False,True,False,True,False,True,False,True,False,False,True,False,True,True,True,False,False,True,False,False
7601,False,True,False,True,True,True,False,True,False,True,False,False,False,False,True,False,True,False,False,True,False,False
7602,False,False,True,False,False,True,False,True,False,True,False,False,True,False,True,False,True,False,False,True,False,False
7603,False,False,False,False,True,False,False,False,False,True,False,True,False,False,True,False,True,False,False,True,False,False
7604,False,False,False,False,False,False,False,False,False,True,False,True,False,False,True,False,True,False,False,True,False,False
7605,False,False,False,False,False,False,False,False,False,True,False,True,False,False,True,False,True,False,False,True,False,False
7606,False,False,False,False,False,False,False,False,False,True,False,False,True,False,True,False,True,False,False,True,False,False
7607,False,False,True,False,False,True,False,False,False,True,False,True,True,False,True,False,True,False,False,True,False,False
7608,False,False,False,False,False,False,False,False,False,True,False,True,True,False,False,False,True,False,False,True,False,False
7609,False,False,True,True,False,True,False,False,False,True,False,True,False,False,True,False,True,False,False,True,False,False
7610,False,False,True,False,True,False,False,False,False,True,False,True,False,False,True,False,True,False,False,True,False,False
7701,False,False,True,False,True,True,False,True,False,True,False,False,False,False,True,False,False,False,False,True,True,False
7702,False,True,True,False,False,False,True,True,False,True,False,False,False,False,True,False,True,False,False,True,False,False
7703,False,False,False,False,False,False,False,False,False,True,False,False,True,False,False,False,True,False,False,True,False,False
7704,False,False,False,False,False,False,False,False,False,True,False,False,True,False,True,False,True,False,False,True,False,False
7705,False,True,True,False,False,False,False,True,False,True,False,False,False,False,False,False,False,False,False,True,True,False
7706,False,False,False,False,True,False,False,False,False,True,False,False,False,False,False,False,True,False,False,True,False,False
7707,False,False,True,True,False,False,False,True,False,True,False,False,False,False,True,False,True,False,True,True,False,False
7708,False,False,True,False,False,False,True,True,False,True,False,False,False,False,True,False,True,False,False,True,False,False
7709,False,False,False,False,True,False,False,True,False,True,False,False,False,False,True,True,True,False,False,True,False,False
7710,False,False,False,False,False,False,False,True,False,True,False,False,True,False,True,False,True,False,True,True,False,False
7711,False,False,True,False,True,False,False,False,False,True,False,False,False,False,False,True,False,False,True,True,False,False
7801,False,True,False,False,False,False,False,True,False,True,False,False,True,False,True,False,True,False,False,True,False,False
7802,False,True,False,False,False,False,False,True,False,True,False,False,True,False,True,False,True,False,False,True,False,False
7803,False,False,False,False,False,False,True,True,False,True,False,False,True,False,True,False,False,False,False,True,True,False
7804,False,True,False,False,False,False,False,True,False,True,False,False,True,False,True,False,False,False,False,True,True,False
7805,False,False,False,True,True,True,False,True,False,True,False,False,False,False,True,False,False,False,False,True,False,False
7806,False,True,True,False,True,False,True,True,False,True,False,False,True,False,True,False,True,False,False,True,False,False
7807,False,False,False,False,False,False,False,True,False,True,False,False,True,False,True,False,False,False,False,True,True,False
7808,False,True,False,False,False,False,False,True,False,True,False,False,False,False,True,False,True,False,True,True,False,False
7809,False,True,False,False,True,False,True,True,False,True,False,False,False,False,True,False,True,False,False,True,False,False
7810,False,False,False,False,False,False,True,True,False,True,False,False,True,True,True,False,True,False,False,True,False,False
7811,False,True,True,False,False,False,False,False,False,True,False,False,False,False,True,False,True,False,True,True,False,False
7812,False,True,False,False,False,True,False,True,False,True,False,False,False,False,True,False,True,False,False,True,False,False
7901,False,False,False,True,False,True,False,False,False,True,False,False,False,False,True,False,True,False,False,True,False,False
7902,False,False,False,False,False,False,True,True,False,True,False,False,True,False,True,False,True,False,False,False,False,False
7903,False,False,False,False,False,True,False,True,False,True,False,False,True,False,False,False,False,False,False,True,True,False
8001,False,False,False,True,False,False,False,True,False,True,False,False,False,False,False,False,True,False,False,True,False,False
8002,False,False,True,True,False,False,False,True,False,True,False,False,True,False,True,False,True,False,False,True,False,False
8003,False,False,True,False,False,False,False,True,False,True,False,False,True,False,True,False,True,False,False,True,False,False
8004,False,False,False,False,False,False,False,True,False,True,False,False,True,False,False,False,True,False,False,True,False,False
8005,False,False,False,False,False,False,False,True,False,True,False,False,True,False,True,False,True,False,False,True,False,False
8101,False,False,False,True,False,True,False,False,False,True,False,False,False,False,True,False,True,False,False,True,False,False
8102,False,False,False,False,False,False,False,True,False,True,False,False,True,False,True,True,True,False,False,True,False,False
8103,False,False,True,False,False,False,False,True,False,True,False,False,False,False,False,True,False,False,False,True,True,False
8201,False,True,False,True,False,False,False,True,False,True,False,False,False,False,False,False,False,False,False,True,True,False
8202,False,False,False,False,False,False,False,True,False,True,False,False,False,True,False,True,True,False,False,True,False,False
8301,False,False,False,False,False,False,False,True,False,True,False,False,False,False,True,False,True,False,False,True,False,False
8302,False,True,False,False,False,False,True,True,False,True,False,False,False,False,True,False,True,False,False,True,False,False
8303,False,False,False,False,False,False,True,True,False,True,False,False,True,False,True,True,True,False,False,True,False,False
8304,False,False,False,False,False,False,True,True,False,True,False,False,False,False,False,False,True,False,False,True,False,False
8305,False,False,False,False,False,False,True,True,False,True,False,False,True,False,True,False,True,False,False,True,False,False
8306,False,False,False,False,False,False,False,False,False,True,False,False,True,False,True,True,True,False,True,True,False,False
8307,False,False,True,True,False,False,True,True,False,True,False,False,True,False,True,False,True,False,False,True,False,False
8308,False,True,False,False,False,False,False,True,False,True,False,False,True,False,False,False,True,False,False,True,False,False
8401,False,False,False,False,False,True,False,True,False,True,False,False,True,False,True,True,True,False,False,True,False,False
8402,False,True,False,False,False,False,False,True,False,True,False,False,True,False,True,False,True,False,False,True,False,False
8403,False,False,False,False,False,False,False,True,False,True,False,False,True,False,True,False,True,False,False,True,False,False
8404,False,False,False,False,False,False,False,True,False,True,False,False,True,False,True,True,True,False,True,True,False,False
8405,False,False,False,False,False,False,False,True,False,False,False,False,True,False,True,False,True,False,False,True,False,False
8501,False,False,True,True,False,False,False,True,False,True,False,False,False,False,False,False,False,False,False,True,True,False
8502,False,False,False,False,False,False,False,True,False,True,False,False,False,False,False,False,True,False,False,True,False,False
8503,False,False,True,False,True,False,False,True,True,True,False,False,False,False,False,False,False,False,False,True,True,False
8504,False,False,False,False,True,False,False,True,False,True,False,False,False,False,False,False,True,False,False,True,False,False
8505,False,False,True,False,False,False,False,True,False,True,False,False,True,False,False,False,True,False,False,True,False,False
8601,False,False,False,False,False,True,False,False,False,True,False,True,False,False,False,False,True,False,False,True,False,False
8602,False,False,False,False,True,True,False,True,False,True,False,False,False,False,False,False,True,False,False,True,False,False
8603,False,False,False,False,False,False,True,True,False,True,False,False,False,False,False,False,True,False,False,True,False,False
8604,False,False,True,True,False,False,False,True,False,True,False,False,False,False,False,False,True,False,False,True,False,False
8701,False,False,True,False,False,False,False,True,False,True,False,False,False,False,False,False,True,False,False,True,False,False
8702,False,False,False,False,False,False,False,True,False,True,False,False,False,False,False,False,True,False,False,True,False,False
8703,False,False,True,True,False,False,False,False,False,True,False,False,False,False,False,False,True,False,False,True,False,False
8801,False,False,False,False,True,False,False,False,False,True,False,False,False,False,False,False,True,False,False,True,False,False
8802,False,False,False,True,False,False,True,True,False,True,False,False,True,False,False,False,True,False,False,True,False,False
8803,False,False,False,True,False,False,False,False,False,True,False,False,False,False,False,False,True,False,False,True,False,False
8804,False,False,False,True,False,False,False,False,False,True,False,False,True,False,True,False,True,False,False,True,False,False
8901,False,False,False,False,False,False,False,True,False,True,False,False,True,False,True,False,True,False,False,True,False,False
8902,False,False,True,False,False,False,True,True,False,True,False,False,False,False,True,False,False,False,False,True,True,False
8903,False,False,False,False,True,False,False,True,False,True,False,False,False,False,True,False,True,False,False,True,False,False
9001,False,False,True,False,False,False,False,True,False,True,False,False,True,False,False,True,True,False,False,True,False,False
9002,False,False,False,False,False,False,False,True,False,True,False,False,True,False,False,True,True,False,False,True,False,False
9101,False,True,False,False,False,False,True,False,False,True,False,False,False,False,True,False,True,False,False,True,False,False
9102,False,False,False,False,True,False,True,True,False,True,False,False,False,False,True,False,True,False,False,True,False,False
9103,False,True,False,False,False,False,False,True,False,True,False,False,False,False,True,False,True,False,False,True,False,False
9104,False,True,False,False,False,False,False,True,False,True,False,False,False,False,True,False,False,False,False,True,True,False
9105,False,False,False,False,True,True,True,True,False,True,False,False,False,False,True,False,True,False,False,True,False,False
9106,False,False,False,False,False,True,True,False,False,True,False,False,True,False,True,False,True,False,False,True,False,False
9107,False,True,False,False,True,False,False,True,False,False,False,False,False,False,True,False,True,False,False,True,False,False
9108,False,True,True,True,True,False,True,False,False,True,False,False,False,False,False,False,False,False,False,True,False,False
9109,False,True,False,False,False,False,False,True,False,True,False,False,False,False,False,False,True,False,False,True,False,False
9110,False,True,False,False,True,False,True,True,False,True,False,False,True,False,True,False,True,False,False,True,False,False
9201,False,False,False,True,False,False,False,True,False,True,False,False,True,False,True,False,True,False,True,True,False,False
9202,False,False,False,True,False,False,False,True,False,True,False,False,True,False,True,False,False,False,False,True,True,False
9203,False,False,False,False,False,False,False,False,False,True,False,False,True,False,True,False,True,False,False,True,False,False
9204,False,False,False,False,False,True,True,True,False,True,False,False,False,False,True,False,True,False,False,True,False,False
9205,False,True,False,True,False,False,False,True,False,True,False,False,True,False,True,False,False,False,True,True,True,False
9206,False,False,False,True,False,False,False,True,False,True,False,False,True,False,True,False,False,False,False,True,True,False
9207,False,False,False,False,False,False,True,True,False,True,False,False,False,False,True,False,True,False,False,True,False,False
9208,False,True,False,False,False,True,True,True,False,True,False,False,True,False,True,False,True,False,False,True,False,False
9209,False,False,False,True,True,False,False,True,False,True,False,False,True,False,True,False,True,False,False,True,False,False
9210,False,True,False,False,False,True,False,True,False,True,False,False,True,False,True,False,False,False,False,True,True,False
9211,False,False,False,True,False,True,True,True,False,True,False,False,False,False,True,False,True,False,False,True,False,False
9212,False,False,False,False,False,True,True,False,False,True,False,False,True,False,True,False,True,False,False,True,False,False
9213,False,False,False,True,False,False,False,True,False,True,False,False,True,False,True,False,True,False,False,True,False,False
9301,False,True,False,False,True,False,True,True,False,True,False,False,True,False,False,False,True,False,False,True,False,False
9302,False,False,False,False,False,False,True,True,False,True,False,False,True,False,False,False,True,False,False,True,False,False
9303,False,True,False,True,True,False,False,False,False,True,False,False,False,False,False,False,True,False,False,True,False,False
9304,False,True,False,False,True,True,False,True,False,True,True,False,True,False,False,False,True,False,False,True,False,False
9305,False,True,False,True,False,True,False,False,False,True,False,False,False,False,False,False,True,False,False,True,False,False
9306,False,False,False,True,False,False,False,False,False,True,False,False,False,False,False,False,True,False,False,True,False,False
9307,False,True,False,True,True,True,False,True,False,True,False,False,False,False,False,False,True,False,False,True,False,False
9308,False,False,False,False,True,False,False,False,True,True,False,False,True,False,True,False,True,False,False,True,False,False
9309,False,False,False,False,False,False,False,True,False,True,False,False,True,False,False,False,True,False,False,True,False,False
9310,False,True,False,False,False,False,False,True,False,True,False,False,True,False,True,False,True,False,False,True,False,False
9311,False,False,False,False,True,False,False,True,False,True,False,False,True,False,False,False,True,False,False,True,False,False
9312,False,True,False,False,True,False,False,True,False,True,False,False,False,False,True,False,True,False,False,True,False,False
9401,False,False,False,False,True,False,False,True,False,True,False,False,False,False,True,False,True,False,False,True,False,False
9402,False,False,False,False,False,False,True,True,False,True,False,False,True,False,True,False,True,False,False,True,False,False
9403,False,False,True,True,False,False,False,True,False,True,False,False,False,False,True,False,False,False,False,True,True,False
9404,False,False,True,True,True,True,False,True,False,True,False,False,False,False,True,False,True,False,False,True,False,False
9405,False,False,False,True,False,False,False,True,False,True,False,False,False,False,True,False,True,False,False,True,False,False
9406,False,False,False,False,True,False,True,True,False,True,False,False,False,False,True,False,True,False,False,True,False,False
9407,False,False,False,False,False,False,False,False,True,True,False,False,True,False,True,False,True,False,False,True,False,False
9408,False,False,False,False,False,False,False,False,False,True,False,False,True,False,True,False,True,False,False,True,False,False
9409,False,False,False,False,False,False,True,True,True,True,False,False,True,False,True,False,True,False,False,True,False,False
9410,False,True,False,False,False,False,True,True,False,True,False,False,False,False,True,False,True,False,False,True,False,False
9411,False,False,False,False,True,False,False,True,False,True,False,False,False,False,True,False,True,False,True,True,False,False
9501,False,True,True,False,False,False,False,True,False,True,False,False,True,False,True,False,True,False,False,True,False,False
9502,False,True,True,False,False,False,False,True,False,True,False,False,True,False,True,False,True,False,False,True,False,False
9503,False,True,False,False,False,True,True,True,False,True,False,False,True,False,True,False,True,False,False,True,False,False
9504,False,True,False,False,False,False,True,True,False,True,False,False,True,False,False,False,False,False,False,True,True,False
9505,False,True,False,False,False,False,True,True,False,True,False,False,True,False,False,False,True,False,True,True,False,False
9506,False,False,False,True,False,False,False,True,False,True,False,False,True,False,True,True,True,False,False,True,False,False
9507,False,True,True,False,False,False,False,True,False,True,False,False,True,False,True,False,True,False,False,True,False,False
9508,False,False,False,True,True,False,False,False,False,True,False,False,False,False,True,False,True,False,True,True,False,False
9509,False,True,False,False,False,False,False,True,False,True,False,False,True,False,True,False,True,False,False,True,False,False
9510,False,False,True,False,False,False,False,True,False,True,False,False,True,False,False,False,True,False,True,True,False,False
97101,False,True,False,False,False,True,False,False,False,True,False,False,True,False,True,True,True,True,False,False,False,False
97102,False,True,False,True,True,True,False,False,False,False,False,False,False,False,False,True,True,False,False,True,False,False
97103,False,True,False,True,False,True,False,False,False,True,False,False,False,False,True,True,True,True,False,False,False,False
97104,False,True,False,True,False,False,False,False,False,True,False,False,False,False,True,False,True,True,False,False,False,False
97201,False,True,False,False,True,True,True,False,False,True,False,False,False,False,False,True,True,False,False,False,False,False
97202,False,False,False,False,True,True,False,False,False,False,False,False,False,False,False,True,True,False,False,False,False,False
97203,False,False,False,False,True,True,False,False,False,True,False,False,False,False,False,True,True,True,False,False,False,False
97204,False,False,False,False,False,True,True,False,False,False,False,False,False,False,False,True,True,False,True,False,False,False
97301,False,False,False,False,True,True,False,False,False,False,False,False,False,False,False,True,True,False,False,False,False,False
97302,False,False,False,True,False,True,False,False,False,True,False,False,False,False,False,True,False,False,False,False,False,False
97401,False,True,False,False,True,False,True,False,False,True,False,False,True,False,True,False,True,False,False,True,False,False
97402,False,True,True,False,True,False,False,False,False,True,False,False,False,False,True,False,True,False,False,True,False,False
97403,False,False,True,False,True,True,False,False,True,True,False,False,False,False,False,True,True,False,False,False,False,False
97404,False,False,True,False,True,True,False,False,False,True,False,False,False,False,False,False,True,False,False,False,False,False
97405,False,True,False,True,True,True,False,False,False,True,False,False,False,False,True,False,True,False,False,False,False,False
97406,False,False,False,True,True,True,False,True,False,True,False,False,False,False,True,False,True,False,False,False,False,False
97407,False,True,True,True,True,True,False,False,False,True,False,False,False,False,True,False,True,False,False,True,False,False
97501,False,False,False,False,True,True,False,False,False,False,True,False,False,False,False,False,True,True,False,False,False,False
97601,False,False,False,False,True,False,False,False,False,True,False,False,False,False,True,False,False,False,False,False,False,False
97602,False,True,False,True,True,True,False,False,False,False,False,False,True,False,True,False,True,False,False,False,False,False
98601,False,False,False,True,True,False,False,True,False,False,False,False,False,False,False,False,False,False,False,False,False,False
98701,False,False,False,False,True,False,True,False,False,False,False,False,False,False,False,True,True,False,False,False,False,False
98702,False,False,False,False,True,False,True,False,False,False,False,False,False,False,False,True,True,False,False,False,False,False
98703,False,False,False,False,True,False,True,False,False,False,False,False,False,False,False,True,False,False,False,False,False,False
98801,False,True,False,False,True,True,True,False,False,False,False,True,False,False,True,True,True,False,False,False,False,False
98802,False,False,False,False,True,True,False,False,False,False,False,True,False,False,False,True,False,False,False,False,False,False
ZX01,False,True,False,True,True,False,False,False,False,False,False,False,False,False,True,False,False,False,False,False,False,False
ZZ01,False,True,False,True,True,True,False,True,False,False,False,False,True,False,True,False,True,False,False,True,False,False
ZZ02,False,True,False,True,False,False,False,True,False,False,False,False,True,False,True,False,True,False,False,True,False,False
ZZ03,False,True,False,True,True,True,True,True,False,False,False,False,True,False,True,False,True,False,False,True,False,False
ZZ04,False,True,False,True,True,True,False,True,False,False,False,False,True,False,True,False,True,False,False,True,False,False
ZZ05,False,True,True,True,True,True,False,False,False,False,False,False,False,False,True,False,True,False,False,True,False,False
ZZ06,False,True,False,True,False,True,True,True,False,False,False,False,True,True,True,False,True,False,False,True,False,False
ZZ07,False,True,False,True,False,True,False,True,False,False,False,False,True,False,True,False,True,False,False,True,False,False
ZZ08,False,True,False,True,True,True,False,True,False,False,False,False,True,False,True,False,False,False,False,True,False,False
ZZ09,False,True,True,True,True,True,False,True,False,False,False,False,True,False,True,False,True,False,False,True,False,False
ZZ10,False,True,False,True,False,True,False,True,False,False,False,False,True,False,True,False,False,False,False,True,True,False
ZZ11,False,True,True,False,False,True,True,True,True,False,False,False,False,False,True,True,True,False,False,True,False,False
