CodCirc2,NumPanneauCand,NomPsn,PrenomPsn,CivilitePsn,CodNuaCand,LibNuaCand,NbVoix,RapportExprimes,RapportInscrits,Elu,CodCirc,CodDept,CodeReg,index,LibCirElec,NbSap,CodReg,CodDpt,Elu2,Elu1
01001,3,BRETON,Xavier,M.,LR,Les Républicains,33889,"56,48","39,02",OUI,0101,01,84,467.0,1ère circonscription,1,84,01,OUI,
01002,2,DAUBIÉ,Romain,M.,ENS,Ensemble ! (Majorité présidentielle),38973,"55,09","38,24",OUI,0102,01,84,468.0,2ème circonscription,1,84,01,OUI,
01003,1,GIVERNET,Olga,Mme,ENS,Ensemble ! (Majorité présidentielle),32958,"63,00","39,16",OUI,0103,01,84,469.0,3ème circonscription,1,84,01,OUI,
01004,6,BUISSON,Jérôme,M.,RN,Rassemblement National,33186,"51,35","34,52",OUI,0104,01,84,470.0,4ème circonscription,1,84,01,OUI,
01005,8,CHAVENT,Marc,M.,UXD,Union de l'extrême droite,27040,"57,53","34,70",OUI,0105,01,84,471.0,5ème circonscription,1,84,01,OUI,
02001,4,DRAGON,Nicolas,M.,RN,Rassemblement National,24774,"54,49","34,38",OUI,0201,02,32,,1ère circonscription,1,32,02,,OUI
02002,1,DIVE,Julien,M.,LR,Les Républicains,22933,"50,58","31,34",OUI,0202,02,32,214.0,2ème circonscription,1,32,02,OUI,
02003,5,CASTERMAN,Eddy,M.,EXD,Extrême droite,23577,"57,64","35,73",OUI,0203,02,32,,3ème circonscription,1,32,02,,OUI
02004,3,BEAURAIN,José,M.,RN,Rassemblement National,25913,"55,04","32,83",OUI,0204,02,32,,4ème circonscription,1,32,02,,OUI
02005,1,DESSIGNY,Jocelyn,M.,RN,Rassemblement National,27670,"53,07","33,53",OUI,0205,02,32,,5ème circonscription,1,32,02,,OUI
03001,2,MONNET,Yannick,M.,UG,Union de la gauche,28470,"50,61","32,15",OUI,0301,03,84,472.0,1ère circonscription,1,84,03,OUI,
03002,1,BOVET,Jorys,M.,RN,Rassemblement National,22990,"43,27","28,78",OUI,0302,03,84,473.0,2ème circonscription,1,84,03,OUI,
03003,1,RAY,Nicolas,M.,LR,Les Républicains,31075,"59,07","38,79",OUI,0303,03,84,474.0,3ème circonscription,1,84,03,OUI,
04001,5,GIRARD,Christian,M.,RN,Rassemblement National,21533,"54,19","35,03",OUI,0401,04,93,531.0,1ère circonscription,1,93,04,OUI,
04002,2,VAGINAY,Sophie,Mme,UXD,Union de l'extrême droite,21655,"50,97","32,48",OUI,0402,04,93,532.0,2ème circonscription,1,93,04,OUI,
05001,3,ALLEMAND,Marie-José,Mme,UG,Union de la gauche,20242,"51,64","33,70",OUI,0501,05,93,533.0,1ère circonscription,1,93,05,OUI,
05002,3,ROSSI,Valérie,Mme,UG,Union de la gauche,20509,"56,35","37,61",OUI,0502,05,93,534.0,2ème circonscription,1,93,05,OUI,
06001,7,CIOTTI,Eric,M.,UXD,Union de l'extrême droite,22584,"45,14","27,58",OUI,0601,06,93,535.0,1ère circonscription,1,93,06,OUI,
06002,7,TIVOLI,Lionel,M.,RN,Rassemblement National,33246,"63,73","36,77",OUI,0602,06,93,536.0,2ème circonscription,1,93,06,OUI,
06003,4,CHAIX,Bernard,M.,UXD,Union de l'extrême droite,28884,"53,71","31,49",OUI,0603,06,93,537.0,3ème circonscription,1,93,06,OUI,
06004,1,MASSON,Alexandra,Mme,RN,Rassemblement National,30528,"56,27","35,64",OUI,0604,06,93,,4ème circonscription,1,93,06,,OUI
06005,2,D'INTORNI,Christelle,Mme,UXD,Union de l'extrême droite,29804,"50,35","32,67",OUI,0605,06,93,,5ème circonscription,1,93,06,,OUI
06006,3,MASSON,Bryan,M.,RN,Rassemblement National,27705,"50,85","34,55",OUI,0606,06,93,,6ème circonscription,1,93,06,,OUI
06007,6,PAUGET,Eric,M.,LR,Les Républicains,37955,"58,73","39,42",OUI,0607,06,93,541.0,7ème circonscription,1,93,06,OUI,
06008,2,MARTIN,Alexandra,Mme,LR,Les Républicains,28012,"52,57","33,19",OUI,0608,06,93,542.0,8ème circonscription,1,93,06,OUI,
06009,3,TABAROT,Michèle,Mme,LR,Les Républicains,28407,"52,99","34,47",OUI,0609,06,93,543.0,9ème circonscription,1,93,06,OUI,
07001,6,SAULIGNAC,Hervé,M.,UG,Union de la gauche,28302,"52,69","35,56",OUI,0701,07,84,475.0,1ère circonscription,1,84,07,OUI,
07002,5,TREBUCHET,Vincent,M.,UXD,Union de l'extrême droite,33914,"52,76","34,91",OUI,0702,07,84,476.0,2ème circonscription,1,84,07,OUI,
07003,5,BRUN,Fabrice,M.,DVD,Divers droite,20414,"34,65","25,20",OUI,0703,07,84,477.0,3ème circonscription,1,84,07,OUI,
08001,3,TERMET,Flavien,M.,RN,Rassemblement National,24184,"52,99","34,22",OUI,0801,08,44,263.0,1ère circonscription,1,44,08,OUI,
08002,6,CORDIER,Pierre,M.,DVD,Divers droite,20415,"55,63","33,87",OUI,0802,08,44,264.0,2ème circonscription,1,44,08,OUI,
08003,2,WARSMANN,Jean-Luc,M.,DVD,Divers droite,19503,"54,44","35,79",OUI,0803,08,44,265.0,3ème circonscription,1,44,08,OUI,
09001,4,FROGER,Martine,Mme,UG,Union de la gauche,19245,"50,74","33,52",OUI,0901,09,76,,1ère circonscription,1,76,09,,OUI
09002,5,PANIFOUS,Laurent,M.,UG,Union de la gauche,23608,"57,07","38,04",OUI,0902,09,76,419.0,2ème circonscription,1,76,09,OUI,
10001,1,GUITTON,Jordan,M.,RN,Rassemblement National,22636,"53,84","35,38",OUI,1001,10,44,,1ère circonscription,1,44,10,,OUI
10002,3,BAZIN-MALGRAS,Valérie,Mme,LR,Les Républicains,25420,"52,17","34,36",OUI,1002,10,44,267.0,2ème circonscription,1,44,10,OUI,
10003,3,RANC,Angélique,Mme,RN,Rassemblement National,20601,"52,52","31,45",OUI,1003,10,44,268.0,3ème circonscription,1,44,10,OUI,
11001,8,BARTHÈS,Christophe,M.,RN,Rassemblement National,37049,"61,44","37,33",OUI,1101,11,76,420.0,1ère circonscription,1,76,11,OUI,
11002,5,FALCON,Frédéric,M.,RN,Rassemblement National,33573,"58,22","36,16",OUI,1102,11,76,421.0,2ème circonscription,1,76,11,OUI,
11003,5,RANCOULE,Julien,M.,RN,Rassemblement National,31514,"52,07","35,07",OUI,1103,11,76,422.0,3ème circonscription,1,76,11,OUI,
12001,2,MAZARS,Stéphane,M.,ENS,Ensemble ! (Majorité présidentielle),34706,"65,17","44,30",OUI,1201,12,76,423.0,1ère circonscription,1,76,12,OUI,
12002,2,ALEXANDRE,Laurent,M.,UG,Union de la gauche,24084,"55,70","35,30",OUI,1202,12,76,424.0,2ème circonscription,1,76,12,OUI,
12003,2,ROUSSET,Jean-François,M.,ENS,Ensemble ! (Majorité présidentielle),29696,"60,29","41,09",OUI,1203,12,76,425.0,3ème circonscription,1,76,12,OUI,
13001,2,GRISETI,Monique,Mme,RN,Rassemblement National,28304,"55,86","34,18",OUI,1301,13,93,544.0,1ère circonscription,1,93,13,OUI,
13002,2,LHARDIT,Laurent,M.,UG,Union de la gauche,28677,"53,64","33,95",OUI,1302,13,93,545.0,2ème circonscription,1,93,13,OUI,
13003,7,LELOUIS,Gisèle,Mme,RN,Rassemblement National,22869,"50,93","29,36",OUI,1303,13,93,546.0,3ème circonscription,1,93,13,OUI,
13004,5,BOMPARD,Manuel,M.,UG,Union de la gauche,26712,"67,49","39,69",OUI,1304,13,93,,4ème circonscription,1,93,13,,OUI
13005,10,DAVI,Hendrik,M.,DVG,Divers gauche,30287,"65,95","40,12",OUI,1305,13,93,548.0,5ème circonscription,1,93,13,OUI,
13006,2,FAYSSAT,Olivier,M.,UXD,Union de l'extrême droite,24745,"52,33","31,04",OUI,1306,13,93,549.0,6ème circonscription,1,93,13,OUI,
13007,2,DELOGU,Sébastien,M.,UG,Union de la gauche,21124,"59,67","30,58",OUI,1307,13,93,,7ème circonscription,1,93,13,,OUI
13008,1,TONUSSI,Romain,M.,RN,Rassemblement National,34269,"50,24","33,05",OUI,1308,13,93,551.0,8ème circonscription,1,93,13,OUI,
13009,5,MÉLIN,Joëlle,Mme,RN,Rassemblement National,36050,"58,04","35,53",OUI,1309,13,93,552.0,9ème circonscription,1,93,13,OUI,
13010,2,GONZALEZ,José,M.,RN,Rassemblement National,41372,"55,66","37,35",OUI,1310,13,93,553.0,10ème circonscription,1,93,13,OUI,
13011,4,PENA,Marc,M.,UG,Union de la gauche,29570,"50,23","31,57",OUI,1311,13,93,554.0,11ème circonscription,1,93,13,OUI,
13012,6,ALLISIO,Franck,M.,RN,Rassemblement National,33086,"54,07","34,69",OUI,1312,13,93,,12ème circonscription,1,93,13,,OUI
13013,1,FOUQUART,Emmanuel,M.,RN,Rassemblement National,31084,"52,87","32,78",OUI,1313,13,93,556.0,13ème circonscription,1,93,13,OUI,
13014,1,VERNY,Gérault,M.,UXD,Union de l'extrême droite,25880,"37,26","25,88",OUI,1314,13,93,557.0,14ème circonscription,1,93,13,OUI,
13015,2,BAUBRY,Romain,M.,RN,Rassemblement National,43745,"65,18","39,51",OUI,1315,13,93,558.0,15ème circonscription,1,93,13,OUI,
13016,5,TACHE DE LA PAGERIE,Emmanuel,M.,RN,Rassemblement National,32359,"56,13","35,29",OUI,1316,13,93,559.0,16ème circonscription,1,93,13,OUI,
14001,4,BRUNEAU,Joël,M.,DVD,Divers droite,28691,"59,87","39,15",OUI,1401,14,28,185.0,1ère circonscription,1,28,14,OUI,
14002,3,DELAPORTE,Arthur,M.,UG,Union de la gauche,29761,"68,28","43,11",OUI,1402,14,28,186.0,2ème circonscription,1,28,14,OUI,
14003,4,PATRIER-LEITUS,Jérémie,M.,ENS,Ensemble ! (Majorité présidentielle),28545,"54,78","35,69",OUI,1403,14,28,187.0,3ème circonscription,1,28,14,OUI,
14004,7,BLANCHET,Christophe,M.,ENS,Ensemble ! (Majorité présidentielle),41981,"59,46","40,03",OUI,1404,14,28,188.0,4ème circonscription,1,28,14,OUI,
14005,3,BOUYX,Bertrand,M.,ENS,Ensemble ! (Majorité présidentielle),39408,"61,68","42,40",OUI,1405,14,28,189.0,5ème circonscription,1,28,14,OUI,
14006,6,BORNE,Elisabeth,Mme,ENS,Ensemble ! (Majorité présidentielle),35962,"56,36","37,32",OUI,1406,14,28,190.0,6ème circonscription,1,28,14,OUI,
15001,1,DESCOEUR,Vincent,M.,DVD,Divers droite,28330,"65,89","45,46",OUI,1501,15,84,478.0,1ère circonscription,1,84,15,OUI,
15002,7,BONY,Jean Yves,M.,DVD,Divers droite,21585,"60,71","41,27",OUI,1502,15,84,479.0,2ème circonscription,1,84,15,OUI,
16001,4,PILATO,René,M.,UG,Union de la gauche,20288,"35,75","24,08",OUI,1601,16,75,369.0,1ère circonscription,1,75,16,OUI,
16002,7,MARSAUD,Sandra,Mme,ENS,Ensemble ! (Majorité présidentielle),28350,"52,50","34,02",OUI,1602,16,75,370.0,2ème circonscription,1,75,16,OUI,
16003,4,COLOMBIER,Caroline,Mme,RN,Rassemblement National,30110,"52,22","33,21",OUI,1603,16,75,371.0,3ème circonscription,1,75,16,OUI,
17001,8,FALORNI,Olivier,M.,DVG,Divers gauche,54352,"74,71","48,58",OUI,1701,17,75,372.0,1ère circonscription,1,75,17,OUI,
17002,3,BITEAU,Benoît,M.,UG,Union de la gauche,37985,"53,39","33,42",OUI,1702,17,75,373.0,2ème circonscription,1,75,17,OUI,
17003,5,BARUSSEAU,Fabrice,M.,UG,Union de la gauche,26441,"50,06","31,58",OUI,1703,17,75,374.0,3ème circonscription,1,75,17,OUI,
17004,2,MARKOWSKY,Pascal,M.,RN,Rassemblement National,31356,"50,74","33,16",OUI,1704,17,75,375.0,4ème circonscription,1,75,17,OUI,
17005,2,PLASSARD,Christophe,M.,HOR,Horizons,42725,"52,11","35,51",OUI,1705,17,75,376.0,5ème circonscription,1,75,17,OUI,
18001,1,CORMIER-BOULIGEON,François,M.,ENS,Ensemble ! (Majorité présidentielle),25595,"56,82","36,36",OUI,1801,18,24,135.0,1ère circonscription,1,24,18,OUI,
18002,6,SANSU,Nicolas,M.,UG,Union de la gauche,20740,"50,63","30,29",OUI,1802,18,24,136.0,2ème circonscription,1,24,18,OUI,
18003,6,KERVRAN,Loïc,M.,ENS,Ensemble ! (Majorité présidentielle),28602,"52,79","34,19",OUI,1803,18,24,137.0,3ème circonscription,1,24,18,OUI,
19001,4,HOLLANDE,François,M.,UG,Union de la gauche,28751,"43,10","31,34",OUI,1901,19,75,377.0,1ère circonscription,1,75,19,OUI,
19002,3,MEUNIER,Frédérique,Mme,LR,Les Républicains,37354,"59,94","40,05",OUI,1902,19,75,378.0,2ème circonscription,1,75,19,OUI,
21001,1,GODARD,Océane,Mme,UG,Union de la gauche,18716,"37,15","26,54",OUI,2101,21,27,158.0,1ère circonscription,1,27,21,OUI,
21002,2,HERVIEU,Catherine,Mme,UG,Union de la gauche,24498,"53,63","34,01",OUI,2102,21,27,159.0,2ème circonscription,1,27,21,OUI,
21003,4,PRIBETICH,Pierre,M.,UG,Union de la gauche,24555,"53,15","33,89",OUI,2103,21,27,160.0,3ème circonscription,1,27,21,OUI,
21004,1,BRIGAND,Hubert,M.,LR,Les Républicains,25179,"53,96","37,33",OUI,2104,21,27,161.0,4ème circonscription,1,27,21,OUI,
21005,6,LIORET,René,M.,RN,Rassemblement National,28676,"50,04","33,51",OUI,2105,21,27,162.0,5ème circonscription,1,27,21,OUI,
22001,1,COSSON,Mickaël,M.,ENS,Ensemble ! (Majorité présidentielle),27186,"41,45","29,99",OUI,2201,22,53,342.0,1ère circonscription,1,53,22,OUI,
22002,5,BERVILLE,Hervé,M.,ENS,Ensemble ! (Majorité présidentielle),47119,"63,63","45,08",OUI,2202,22,53,343.0,2ème circonscription,1,53,22,OUI,
22003,1,LE FUR,Corentin,M.,LR,Les Républicains,41619,"67,97","46,54",OUI,2203,22,53,344.0,3ème circonscription,1,53,22,OUI,
22004,5,LEPVRAUD,Murielle,Mme,UG,Union de la gauche,28234,"54,75","34,62",OUI,2204,22,53,345.0,4ème circonscription,1,53,22,OUI,
22005,3,BOTHOREL,Eric,M.,ENS,Ensemble ! (Majorité présidentielle),32463,"41,21","30,13",OUI,2205,22,53,346.0,5ème circonscription,1,53,22,OUI,
23001,5,LENOIR,Bartolomé,M.,UXD,Union de l'extrême droite,23513,"37,69","26,14",OUI,2301,23,75,379.0,1ère circonscription,1,75,23,OUI,
24001,4,LECHON,Nadine,Mme,RN,Rassemblement National,24180,"50,09","30,96",OUI,2401,24,75,380.0,1ère circonscription,1,75,24,OUI,
24002,5,MULLER,Serge,M.,RN,Rassemblement National,28256,"52,05","33,52",OUI,2402,24,75,381.0,2ème circonscription,1,75,24,OUI,
24003,3,JOUBERT,Florence,Mme,RN,Rassemblement National,22589,"50,08","33,74",OUI,2403,24,75,382.0,3ème circonscription,1,75,24,OUI,
24004,3,PEYTAVIE,Sébastien,M.,UG,Union de la gauche,32750,"54,64","36,41",OUI,2404,24,75,383.0,4ème circonscription,1,75,24,OUI,
25001,7,CROIZIER,Laurent,M.,ENS,Ensemble ! (Majorité présidentielle),19324,"36,18","25,49",OUI,2501,25,27,163.0,1ère circonscription,1,27,25,OUI,
25002,1,VOYNET,Dominique,Mme,UG,Union de la gauche,31053,"59,95","39,36",OUI,2502,25,27,164.0,2ème circonscription,1,27,25,OUI,
25003,1,BLOCH,Matthieu,M.,UXD,Union de l'extrême droite,21543,"50,76","33,27",OUI,2503,25,27,165.0,3ème circonscription,1,27,25,OUI,
25004,2,GRANGIER,Géraldine,Mme,RN,Rassemblement National,22274,"54,85","34,01",OUI,2504,25,27,166.0,4ème circonscription,1,27,25,OUI,
25005,3,GENEVARD,Annie,Mme,LR,Les Républicains,35576,"62,69","41,72",OUI,2505,25,27,167.0,5ème circonscription,1,27,25,OUI,
26001,6,CHRISTOPHLE,Paul,M.,UG,Union de la gauche,27439,"56,24","35,33",OUI,2601,26,84,480.0,1ère circonscription,1,84,26,OUI,
26002,3,POLLET,Lisette,Mme,RN,Rassemblement National,33755,"58,28","34,74",OUI,2602,26,84,481.0,2ème circonscription,1,84,26,OUI,
26003,2,POCHON,Marie,Mme,UG,Union de la gauche,43483,"56,59","39,23",OUI,2603,26,84,482.0,3ème circonscription,1,84,26,OUI,
26004,6,MONNIER,Thibaut,M.,RN,Rassemblement National,29846,"41,96","29,63",OUI,2604,26,84,483.0,4ème circonscription,1,84,26,OUI,
27001,4,LOIR,Christine,Mme,RN,Rassemblement National,27886,"50,83","31,90",OUI,2701,27,28,191.0,1ère circonscription,1,28,27,OUI,
27002,3,LEVAVASSEUR,Katiana,Mme,RN,Rassemblement National,26895,"54,37","33,99",OUI,2702,27,28,192.0,2ème circonscription,1,28,27,OUI,
27003,2,MAUVIEUX,Kévin,M.,RN,Rassemblement National,31416,"56,80","36,68",OUI,2703,27,28,193.0,3ème circonscription,1,28,27,OUI,
27004,2,BRUN,Philippe,M.,UG,Union de la gauche,31914,"52,83","34,14",OUI,2704,27,28,194.0,4ème circonscription,1,28,27,OUI,
27005,4,HOUSSIN,Timothée,M.,RN,Rassemblement National,29337,"51,13","32,66",OUI,2705,27,28,195.0,5ème circonscription,1,28,27,OUI,
28001,1,KASBARIAN,Guillaume,M.,ENS,Ensemble ! (Majorité présidentielle),35842,"60,59","39,13",OUI,2801,28,24,138.0,1ère circonscription,1,24,28,OUI,
28002,3,MARLEIX,Olivier,M.,LR,Les Républicains,26422,"57,26","34,96",OUI,2802,28,24,139.0,2ème circonscription,1,24,28,OUI,
28003,3,HUWART,Harold,M.,DVC,Divers centre,23815,"52,58","33,47",OUI,2803,28,24,140.0,3ème circonscription,1,24,28,OUI,
28004,1,VIGIER,Philippe,M.,ENS,Ensemble ! (Majorité présidentielle),22542,"51,74","33,46",OUI,2804,28,24,141.0,4ème circonscription,1,24,28,OUI,
29001,1,LE MEUR,Annaïg,Mme,ENS,Ensemble ! (Majorité présidentielle),27066,"39,70","29,31",OUI,2901,29,53,347.0,1ère circonscription,1,53,29,OUI,
29002,7,CADALEN,Pierre-Yves,M.,UG,Union de la gauche,22110,"41,01","28,28",OUI,2902,29,53,348.0,2ème circonscription,1,53,29,OUI,
29003,2,LE GAC,Didier,M.,ENS,Ensemble ! (Majorité présidentielle),44449,"69,13","47,35",OUI,2903,29,53,349.0,3ème circonscription,1,53,29,OUI,
29004,5,LE FEUR,Sandrine,Mme,ENS,Ensemble ! (Majorité présidentielle),24048,"39,40","28,51",OUI,2904,29,53,350.0,4ème circonscription,1,53,29,OUI,
29005,4,MELCHIOR,Graziella,Mme,ENS,Ensemble ! (Majorité présidentielle),46270,"68,07","46,85",OUI,2905,29,53,351.0,5ème circonscription,1,53,29,OUI,
29006,6,THOMIN,Mélanie,Mme,UG,Union de la gauche,38630,"61,83","42,20",OUI,2906,29,53,352.0,6ème circonscription,1,53,29,OUI,
29007,1,TANGUY,Liliana,Mme,ENS,Ensemble ! (Majorité présidentielle),23310,"37,94","27,86",OUI,2907,29,53,353.0,7ème circonscription,1,53,29,OUI,
29008,4,BALANANT,Erwan,M.,ENS,Ensemble ! (Majorité présidentielle),40112,"64,61","43,72",OUI,2908,29,53,354.0,8ème circonscription,1,53,29,OUI,
2A001,7,MARCANGELI,Laurent,M.,ENS,Ensemble ! (Majorité présidentielle),20892,"63,20","39,80",OUI,2A01,2A,94,573.0,1ère circonscription,1,94,2A,OUI,
2A002,1,COLOMBANI,Paul-André,M.,REG,Régionaliste,23969,"59,21","38,35",OUI,2A02,2A,94,574.0,2ème circonscription,1,94,2A,OUI,
2B001,2,CASTELLANI,Michel,M.,REG,Régionaliste,24667,"64,33","39,71",OUI,2B01,2B,94,575.0,1ère circonscription,1,94,2B,OUI,
2B002,3,CECCOLI,François-Xavier,M.,DVD,Divers droite,24458,"54,48","36,01",OUI,2B02,2B,94,576.0,2ème circonscription,1,94,2B,OUI,
30001,5,GILLET,Yoann,M.,RN,Rassemblement National,28259,"54,22","31,26",OUI,3001,30,76,426.0,1ère circonscription,1,76,30,OUI,
30002,2,MEIZONNET,Nicolas,M.,RN,Rassemblement National,34427,"52,22","35,74",OUI,3002,30,76,,2ème circonscription,1,76,30,,OUI
30003,5,BORDES,Pascale,Mme,RN,Rassemblement National,35685,"58,68","37,18",OUI,3003,30,76,428.0,3ème circonscription,1,76,30,OUI,
30004,5,MEURIN,Pierre,M.,RN,Rassemblement National,35144,"57,64","36,98",OUI,3004,30,76,429.0,4ème circonscription,1,76,30,OUI,
30005,3,ALLEGRET-PILOT,Alexandre,M.,UXD,Union de l'extrême droite,32627,"51,58","32,97",OUI,3005,30,76,430.0,5ème circonscription,1,76,30,OUI,
30006,6,JOSSERAND,Sylvie,Mme,RN,Rassemblement National,26838,"51,40","31,36",OUI,3006,30,76,431.0,6ème circonscription,1,76,30,OUI,
31001,2,CLOUET,Hadrien,M.,UG,Union de la gauche,29005,"49,88","34,03",OUI,3101,31,76,432.0,1ère circonscription,1,76,31,OUI,
31002,2,STAMBACH-TERRENOIR,Anne,Mme,UG,Union de la gauche,33063,"44,41","31,01",OUI,3102,31,76,433.0,2ème circonscription,1,76,31,OUI,
31003,6,VIGNON,Corinne,Mme,ENS,Ensemble ! (Majorité présidentielle),23650,"39,42","28,87",OUI,3103,31,76,434.0,3ème circonscription,1,76,31,OUI,
31004,4,PIQUEMAL,François,M.,UG,Union de la gauche,25681,"53,39","36,71",OUI,3104,31,76,,4ème circonscription,1,76,31,,OUI
31005,3,PORTARRIEU,Jean-François,M.,ENS,Ensemble ! (Majorité présidentielle),41533,"56,22","38,17",OUI,3105,31,76,436.0,5ème circonscription,1,76,31,OUI,
31006,4,SIMION,Arnaud,M.,UG,Union de la gauche,47670,"60,40","40,61",OUI,3106,31,76,437.0,6ème circonscription,1,76,31,OUI,
31007,3,BEX,Christophe,M.,UG,Union de la gauche,35228,"50,78","32,54",OUI,3107,31,76,438.0,7ème circonscription,1,76,31,OUI,
31008,5,AVIRAGNET,Joël,M.,UG,Union de la gauche,29807,"51,87","34,64",OUI,3108,31,76,439.0,8ème circonscription,1,76,31,OUI,
31009,4,ARRIGHI,Christine,Mme,UG,Union de la gauche,30177,"54,50","37,08",OUI,3109,31,76,440.0,9ème circonscription,1,76,31,OUI,
31010,8,OBERTI,Jacques,M.,UG,Union de la gauche,44932,"61,07","42,72",OUI,3110,31,76,441.0,10ème circonscription,1,76,31,OUI,
32001,1,CAZENEUVE,Jean-René,M.,ENS,Ensemble ! (Majorité présidentielle),29182,"58,48","39,85",OUI,3201,32,76,442.0,1ère circonscription,1,76,32,OUI,
32002,3,TAUPIAC,David,M.,DVG,Divers gauche,30912,"59,37","41,97",OUI,3202,32,76,443.0,2ème circonscription,1,76,32,OUI,
33001,1,CAZENAVE,Thomas,M.,ENS,Ensemble ! (Majorité présidentielle),31768,"43,20","30,00",OUI,3301,33,75,384.0,1ère circonscription,1,75,33,OUI,
33002,4,THIERRY,Nicolas,M.,UG,Union de la gauche,27920,"59,01","37,65",OUI,3302,33,75,385.0,2ème circonscription,1,75,33,OUI,
33003,9,PRUD'HOMME,Loïc,M.,UG,Union de la gauche,32525,"53,84","35,48",OUI,3303,33,75,386.0,3ème circonscription,1,75,33,OUI,
33004,3,DAVID,Alain,M.,UG,Union de la gauche,37141,"61,48","37,22",OUI,3304,33,75,387.0,4ème circonscription,1,75,33,OUI,
33005,5,GOT,Pascale,Mme,UG,Union de la gauche,40665,"50,63","33,04",OUI,3305,33,75,388.0,5ème circonscription,1,75,33,OUI,
33006,7,RECALDE,Marie,Mme,UG,Union de la gauche,31079,"39,78","28,50",OUI,3306,33,75,389.0,6ème circonscription,1,75,33,OUI,
33007,3,SAINT-PASTEUR,Sébastien,M.,UG,Union de la gauche,24810,"43,82","30,75",OUI,3307,33,75,390.0,7ème circonscription,1,75,33,OUI,
33008,6,PANONACLE,Sophie,Mme,ENS,Ensemble ! (Majorité présidentielle),46756,"56,41","38,46",OUI,3308,33,75,391.0,8ème circonscription,1,75,33,OUI,
33009,1,METTE,Sophie,Mme,ENS,Ensemble ! (Majorité présidentielle),40190,"56,99","38,69",OUI,3309,33,75,392.0,9ème circonscription,1,75,33,OUI,
33010,2,BOUDIÉ,Florent,M.,ENS,Ensemble ! (Majorité présidentielle),28960,"52,17","34,63",OUI,3310,33,75,393.0,10ème circonscription,1,75,33,OUI,
33011,2,DIAZ,Edwige,Mme,RN,Rassemblement National,34590,"53,33","34,59",OUI,3311,33,75,,11ème circonscription,1,75,33,,OUI
33012,3,FELD,Mathilde,Mme,UG,Union de la gauche,28474,"50,41","31,94",OUI,3312,33,75,395.0,12ème circonscription,1,75,33,OUI,
34001,3,ROUMEGAS,Jean-Louis,M.,UG,Union de la gauche,31864,"55,19","34,87",OUI,3401,34,76,444.0,1ère circonscription,1,76,34,OUI,
34002,5,OZIOL,Nathalie,Mme,UG,Union de la gauche,24707,"58,22","36,75",OUI,3402,34,76,,2ème circonscription,1,76,34,,OUI
34003,2,DOMBRE-COSTE,Fanny,Mme,UG,Union de la gauche,36860,"58,29","39,19",OUI,3403,34,76,446.0,3ème circonscription,1,76,34,OUI,
34004,1,BOUQUIN,Manon,Mme,RN,Rassemblement National,40186,"50,49","33,37",OUI,3404,34,76,447.0,4ème circonscription,1,76,34,OUI,
34005,5,GALZY,Stéphanie,Mme,RN,Rassemblement National,36171,"55,36","36,16",OUI,3405,34,76,448.0,5ème circonscription,1,76,34,OUI,
34006,4,GABARRON,Julien,M.,RN,Rassemblement National,29288,"47,26","30,83",OUI,3406,34,76,449.0,6ème circonscription,1,76,34,OUI,
34007,2,LOPEZ-LIGUORI,Aurélien,M.,RN,Rassemblement National,37495,"51,66","33,94",OUI,3407,34,76,,7ème circonscription,1,76,34,,OUI
34008,2,CARRIERE,Sylvain,M.,UG,Union de la gauche,29841,"50,33","31,19",OUI,3408,34,76,451.0,8ème circonscription,1,76,34,OUI,
34009,9,ALLONCLE,Charles,M.,UXD,Union de l'extrême droite,28433,"51,90","31,36",OUI,3409,34,76,452.0,9ème circonscription,1,76,34,OUI,
35001,1,MESMEUR,Marie,Mme,UG,Union de la gauche,30190,"45,66","31,99",OUI,3501,35,53,355.0,1ère circonscription,1,53,35,OUI,
35002,5,LAHAIS,Tristan,M.,UG,Union de la gauche,32489,"43,65","32,52",OUI,3502,35,53,356.0,2ème circonscription,1,53,35,OUI,
35003,4,ROUAUX,Claudia,Mme,UG,Union de la gauche,27165,"40,49","29,09",OUI,3503,35,53,357.0,3ème circonscription,1,53,35,OUI,
35004,4,HIGNET,Mathilde,Mme,UG,Union de la gauche,36195,"57,57","37,04",OUI,3504,35,53,358.0,4ème circonscription,1,53,35,OUI,
35005,4,LE NABOUR,Christine,Mme,ENS,Ensemble ! (Majorité présidentielle),50267,"67,72","45,03",OUI,3505,35,53,359.0,5ème circonscription,1,53,35,OUI,
35006,5,BENOIT,Thierry,M.,ENS,Ensemble ! (Majorité présidentielle),40987,"66,50","45,21",OUI,3506,35,53,360.0,6ème circonscription,1,53,35,OUI,
35007,2,BOURGEAUX,Jean-Luc,M.,DVD,Divers droite,50058,"69,14","46,94",OUI,3507,35,53,361.0,7ème circonscription,1,53,35,OUI,
35008,2,BOULOUX,Mickaël,M.,UG,Union de la gauche,36029,"52,84","39,18",OUI,3508,35,53,,8ème circonscription,1,53,35,,OUI
36001,4,JOLIVET,François,M.,HOR,Horizons,27060,"55,51","35,10",OUI,3601,36,24,142.0,1ère circonscription,1,24,36,OUI,
36002,4,FORISSIER,Nicolas,M.,LR,Les Républicains,30497,"52,89","34,90",OUI,3602,36,24,143.0,2ème circonscription,1,24,36,OUI,
37001,6,FOURNIER,Charles,M.,UG,Union de la gauche,23624,"57,91","32,82",OUI,3701,37,24,144.0,1ère circonscription,1,24,37,OUI,
37002,1,LABARONNE,Daniel,M.,ENS,Ensemble ! (Majorité présidentielle),37343,"59,99","40,09",OUI,3702,37,24,145.0,2ème circonscription,1,24,37,OUI,
37003,2,ALFANDARI,Henri,M.,ENS,Ensemble ! (Majorité présidentielle),41028,"62,24","41,26",OUI,3703,37,24,146.0,3ème circonscription,1,24,37,OUI,
37004,4,BAUMEL,Laurent,M.,UG,Union de la gauche,33180,"57,41","35,78",OUI,3704,37,24,147.0,4ème circonscription,1,24,37,OUI,
37005,6,THILLAYE,Sabine,Mme,ENS,Ensemble ! (Majorité présidentielle),34741,"59,27","39,62",OUI,3705,37,24,148.0,5ème circonscription,1,24,37,OUI,
38001,4,PREVOST,Hugo,M.,UG,Union de la gauche,26438,"42,35","31,49",OUI,3801,38,84,484.0,1ère circonscription,1,84,38,OUI,
38002,1,CHATELAIN,Cyrielle,Mme,UG,Union de la gauche,30855,"62,07","38,94",OUI,3802,38,84,485.0,2ème circonscription,1,84,38,OUI,
38003,3,MARTIN,Élisa,Mme,UG,Union de la gauche,24837,"69,61","43,18",OUI,3803,38,84,486.0,3ème circonscription,1,84,38,OUI,
38004,6,BATTISTEL,Marie-Noëlle,Mme,UG,Union de la gauche,37148,"59,92","40,11",OUI,3804,38,84,487.0,4ème circonscription,1,84,38,OUI,
38005,1,IORDANOFF,Jérémie,M.,UG,Union de la gauche,43281,"59,95","40,46",OUI,3805,38,84,488.0,5ème circonscription,1,84,38,OUI,
38006,2,JOLLY,Alexis,M.,RN,Rassemblement National,34116,"62,16","37,46",OUI,3806,38,84,489.0,6ème circonscription,1,84,38,OUI,
38007,5,NEUDER,Yannick,M.,LR,Les Républicains,36434,"54,33","37,55",OUI,3807,38,84,490.0,7ème circonscription,1,84,38,OUI,
38008,4,MANSOURI,Hanane,Mme,UXD,Union de l'extrême droite,28995,"54,10","34,99",OUI,3808,38,84,491.0,8ème circonscription,1,84,38,OUI,
38009,8,NOSBÉ,Sandrine,Mme,UG,Union de la gauche,33299,"52,63","32,86",OUI,3809,38,84,492.0,9ème circonscription,1,84,38,OUI,
38010,5,PEREZ,Thierry,M.,RN,Rassemblement National,33413,"55,40","33,61",OUI,3810,38,84,493.0,10ème circonscription,1,84,38,OUI,
39001,4,BRULEBOIS,Danielle,Mme,ENS,Ensemble ! (Majorité présidentielle),25097,"56,85","38,65",OUI,3901,39,27,168.0,1ère circonscription,1,27,39,OUI,
39002,6,DALLOZ,Marie-Christine,Mme,LR,Les Républicains,23359,"65,02","41,94",OUI,3902,39,27,169.0,2ème circonscription,1,27,39,OUI,
39003,3,GRUET,Justine,Mme,LR,Les Républicains,26822,"56,19","38,20",OUI,3903,39,27,170.0,3ème circonscription,1,27,39,OUI,
40001,4,DARRIEUSSECQ,Geneviève,Mme,ENS,Ensemble ! (Majorité présidentielle),41736,"56,78","38,05",OUI,4001,40,75,396.0,1ère circonscription,1,75,40,OUI,
40002,5,CAUSSE,Lionel,M.,ENS,Ensemble ! (Majorité présidentielle),52064,"61,81","41,78",OUI,4002,40,75,397.0,2ème circonscription,1,75,40,OUI,
40003,3,VALLAUD,Boris,M.,UG,Union de la gauche,38537,"56,65","38,52",OUI,4003,40,75,398.0,3ème circonscription,1,75,40,OUI,
41001,3,FESNEAU,Marc,M.,ENS,Ensemble ! (Majorité présidentielle),32334,"60,20","39,06",OUI,4101,41,24,149.0,1ère circonscription,1,24,41,OUI,
41002,7,CHUDEAU,Roger,M.,RN,Rassemblement National,27188,"52,24","33,86",OUI,4102,41,24,150.0,2ème circonscription,1,24,41,OUI,
41003,1,MARION,Christophe,M.,ENS,Ensemble ! (Majorité présidentielle),30055,"54,72","37,08",OUI,4103,41,24,151.0,3ème circonscription,1,24,41,OUI,
42001,6,COURBON,Pierrick,M.,UG,Union de la gauche,24032,"60,39","37,56",OUI,4201,42,84,494.0,1ère circonscription,1,84,42,OUI,
42002,6,TAURINYA,Andrée,Mme,UG,Union de la gauche,15584,"48,73","30,61",OUI,4202,42,84,495.0,2ème circonscription,1,84,42,OUI,
42003,1,MANDON,Emmanuel,M.,ENS,Ensemble ! (Majorité présidentielle),30634,"55,46","36,28",OUI,4203,42,84,496.0,3ème circonscription,1,84,42,OUI,
42004,1,BONNET,Sylvie,Mme,LR,Les Républicains,38420,"55,42","36,73",OUI,4204,42,84,497.0,4ème circonscription,1,84,42,OUI,
42005,5,VERMOREL-MARQUES,Antoine,M.,LR,Les Républicains,36613,"51,11","36,03",OUI,4205,42,84,498.0,5ème circonscription,1,84,42,OUI,
42006,2,TAITE,Jean-Pierre,M.,LR,Les Républicains,42621,"55,17","38,10",OUI,4206,42,84,499.0,6ème circonscription,1,84,42,OUI,
43001,5,WAUQUIEZ,Laurent,M.,LR,Les Républicains,42828,"61,61","41,70",OUI,4301,43,84,500.0,1ère circonscription,1,84,43,OUI,
43002,1,VIGIER,Jean-Pierre,M.,LR,Les Républicains,34628,"64,53","43,62",OUI,4302,43,84,501.0,2ème circonscription,1,84,43,OUI,
44001,5,BENBRAHIM,Karim,M.,UG,Union de la gauche,24963,"46,16","32,27",OUI,4401,44,52,312.0,1ère circonscription,1,52,44,OUI,
44002,6,KERBRAT,Andy,M.,UG,Union de la gauche,34341,"51,67","37,52",OUI,4402,44,52,,2ème circonscription,1,52,44,,OUI
44003,4,AMIOT,Ségolène,Mme,UG,Union de la gauche,32216,"50,13","33,07",OUI,4403,44,52,314.0,3ème circonscription,1,52,44,OUI,
44004,7,LAERNOES,Julie,Mme,UG,Union de la gauche,34265,"53,40","36,74",OUI,4404,44,52,315.0,4ème circonscription,1,52,44,OUI,
44005,1,ROUSSEL,Fabrice,M.,UG,Union de la gauche,36774,"39,91","28,73",OUI,4405,44,52,316.0,5ème circonscription,1,52,44,OUI,
44006,5,RAUX,Jean-Claude,M.,UG,Union de la gauche,32186,"40,06","27,43",OUI,4406,44,52,317.0,6ème circonscription,1,52,44,OUI,
44007,3,JOSSO,Sandrine,Mme,ENS,Ensemble ! (Majorité présidentielle),48531,"59,95","40,80",OUI,4407,44,52,318.0,7ème circonscription,1,52,44,OUI,
44008,6,TAVEL,Matthias,M.,UG,Union de la gauche,32922,"61,68","36,11",OUI,4408,44,52,319.0,8ème circonscription,1,52,44,OUI,
44009,3,BRARD,Jean-Michel,M.,DVD,Divers droite,56024,"62,86","42,23",OUI,4409,44,52,320.0,9ème circonscription,1,52,44,OUI,
44010,4,ERRANTE,Sophie,Mme,ENS,Ensemble ! (Majorité présidentielle),38983,"42,94","30,85",OUI,4410,44,52,321.0,10ème circonscription,1,52,44,OUI,
45001,6,RIST,Stéphanie,Mme,ENS,Ensemble ! (Majorité présidentielle),34909,"67,68","44,59",OUI,4501,45,24,152.0,1ère circonscription,1,24,45,OUI,
45002,5,DUPLESSY,Emmanuel,M.,UG,Union de la gauche,29934,"56,15","33,78",OUI,4502,45,24,153.0,2ème circonscription,1,24,45,OUI,
45003,1,DE PÉLICHY,Constance,Mme,DVD,Divers droite,23863,"51,11","33,87",OUI,4503,45,24,154.0,3ème circonscription,1,24,45,OUI,
45004,7,MÉNAGÉ,Thomas,M.,RN,Rassemblement National,26947,"62,59","36,36",OUI,4504,45,24,155.0,4ème circonscription,1,24,45,OUI,
45005,5,BROSSE,Anthony,M.,ENS,Ensemble ! (Majorité présidentielle),23999,"50,70","32,61",OUI,4505,45,24,156.0,5ème circonscription,1,24,45,OUI,
45006,1,RAMOS,Richard,M.,ENS,Ensemble ! (Majorité présidentielle),31737,"63,31","41,70",OUI,4506,45,24,157.0,6ème circonscription,1,24,45,OUI,
46001,2,PRADIÉ,Aurélien,M.,LR,Les Républicains,28049,"53,78","38,40",OUI,4601,46,76,453.0,1ère circonscription,1,76,46,OUI,
46002,2,PROENÇA,Christophe,M.,UG,Union de la gauche,22373,"46,83","33,73",OUI,4602,46,76,454.0,2ème circonscription,1,76,46,OUI,
47001,5,LAUZZANA,Michel,M.,ENS,Ensemble ! (Majorité présidentielle),30952,"52,32","34,95",OUI,4701,47,75,399.0,1ère circonscription,1,75,47,OUI,
47002,3,LAPORTE,Hélène,Mme,RN,Rassemblement National,28203,"57,20","36,64",OUI,4702,47,75,400.0,2ème circonscription,1,75,47,OUI,
47003,2,LEPERS,Guillaume,M.,DVD,Divers droite,27689,"54,13","36,54",OUI,4703,47,75,401.0,3ème circonscription,1,75,47,OUI,
48001,5,PANTEL,Sophie,Mme,UG,Union de la gauche,19091,"43,37","31,95",OUI,4801,48,76,455.0,1ère circonscription,1,76,48,OUI,
49001,1,GERNIGON,François,M.,ENS,Ensemble ! (Majorité présidentielle),24719,"40,54","27,87",OUI,4901,49,52,322.0,1ère circonscription,1,52,49,OUI,
49002,5,DUPONT,Stella,Mme,ENS,Ensemble ! (Majorité présidentielle),30214,"45,89","31,60",OUI,4902,49,52,323.0,2ème circonscription,1,52,49,OUI,
49003,2,BLIN,Anne-Laure,Mme,LR,Les Républicains,26768,"57,17","36,78",OUI,4903,49,52,324.0,3ème circonscription,1,52,49,OUI,
49004,5,SAINT-PAUL,Laëtitia,Mme,ENS,Ensemble ! (Majorité présidentielle),30476,"60,03","40,03",OUI,4904,49,52,325.0,4ème circonscription,1,52,49,OUI,
49005,3,MASSEGLIA,Denis,M.,ENS,Ensemble ! (Majorité présidentielle),33204,"65,63","41,44",OUI,4905,49,52,326.0,5ème circonscription,1,52,49,OUI,
49006,5,DUBRE CHIRAT,Nicole,Mme,ENS,Ensemble ! (Majorité présidentielle),43226,"66,32","43,37",OUI,4906,49,52,327.0,6ème circonscription,1,52,49,OUI,
49007,5,BOLO,Philippe,M.,ENS,Ensemble ! (Majorité présidentielle),24319,"41,73","28,78",OUI,4907,49,52,328.0,7ème circonscription,1,52,49,OUI,
50001,4,GOSSELIN,Philippe,M.,DVD,Divers droite,36531,"63,45","42,12",OUI,5001,50,28,196.0,1ère circonscription,1,28,50,OUI,
50002,2,SORRE,Bertrand,M.,ENS,Ensemble ! (Majorité présidentielle),40472,"62,90","41,82",OUI,5002,50,28,197.0,2ème circonscription,1,28,50,OUI,
50003,7,TRAVERT,Stéphane,M.,ENS,Ensemble ! (Majorité présidentielle),43784,"58,67","39,41",OUI,5003,50,28,198.0,3ème circonscription,1,28,50,OUI,
50004,6,PIC,Anna,Mme,UG,Union de la gauche,32748,"59,64","36,93",OUI,5004,50,28,199.0,4ème circonscription,1,28,50,OUI,
51001,1,ALBERTINI,Xavier,M.,ENS,Ensemble ! (Majorité présidentielle),27419,"60,15","36,36",OUI,5101,51,44,269.0,1ère circonscription,1,44,51,OUI,
51002,7,MILLER,Laure,Mme,ENS,Ensemble ! (Majorité présidentielle),27511,"58,08","36,86",OUI,5102,51,44,270.0,2ème circonscription,1,44,51,OUI,
51003,5,MICHELET,Maxime,M.,UXD,Union de l'extrême droite,25257,"50,88","32,18",OUI,5103,51,44,271.0,3ème circonscription,1,44,51,OUI,
51004,5,MAGNIER,Lise,Mme,ENS,Ensemble ! (Majorité présidentielle),25550,"52,22","32,80",OUI,5104,51,44,272.0,4ème circonscription,1,44,51,OUI,
51005,4,DE COURSON,Charles,M.,DVC,Divers centre,26391,"50,42","34,92",OUI,5105,51,44,273.0,5ème circonscription,1,44,51,OUI,
52001,4,BENTZ,Christophe,M.,RN,Rassemblement National,23772,"53,90","34,37",OUI,5201,52,44,274.0,1ère circonscription,1,44,52,OUI,
52002,4,ROBERT-DEHAULT,Laurence,Mme,RN,Rassemblement National,21009,"56,82","35,58",OUI,5202,52,44,,2ème circonscription,1,44,52,,OUI
53001,1,GAROT,Guillaume,M.,UG,Union de la gauche,31428,"67,56","42,36",OUI,5301,53,52,329.0,1ère circonscription,1,52,53,OUI,
53002,6,BANNIER,Géraldine,Mme,ENS,Ensemble ! (Majorité présidentielle),33257,"63,98","41,68",OUI,5302,53,52,330.0,2ème circonscription,1,52,53,OUI,
53003,3,FAVENNEC,Yannick,M.,HOR,Horizons,31379,"68,90","43,18",OUI,5303,53,52,331.0,3ème circonscription,1,52,53,OUI,
54001,1,MERCIER,Estelle,Mme,UG,Union de la gauche,32531,"63,96","39,07",OUI,5401,54,44,276.0,1ère circonscription,1,44,54,OUI,
54002,5,HABLOT,Stéphane,M.,UG,Union de la gauche,20588,"45,17","30,31",OUI,5402,54,44,277.0,2ème circonscription,1,44,54,OUI,
54003,2,WEBER,Frédéric,M.,RN,Rassemblement National,23252,"53,63","28,94",OUI,5403,54,44,278.0,3ème circonscription,1,44,54,OUI,
54004,5,BAZIN,Thibault,M.,LR,Les Républicains,33130,"52,30","34,36",OUI,5404,54,44,279.0,4ème circonscription,1,44,54,OUI,
54005,2,POTIER,Dominique,M.,UG,Union de la gauche,28073,"54,73","35,67",OUI,5405,54,44,280.0,5ème circonscription,1,44,54,OUI,
54006,5,BOULOGNE,Anthony,M.,RN,Rassemblement National,28024,"54,64","32,00",OUI,5406,54,44,281.0,6ème circonscription,1,44,54,OUI,
55001,6,AMBLARD,Maxime,M.,RN,Rassemblement National,25417,"50,50","33,93",OUI,5501,55,44,282.0,1ère circonscription,1,44,55,OUI,
55002,1,GOULET,Florence,Mme,RN,Rassemblement National,19011,"50,63","32,10",OUI,5502,55,44,,2ème circonscription,1,44,55,,OUI
56001,7,LE HÉNANFF,Anne,Mme,ENS,Ensemble ! (Majorité présidentielle),57609,"71,65","49,84",OUI,5601,56,53,363.0,1ère circonscription,1,53,56,OUI,
56002,4,PAHUN,Jimmy,M.,ENS,Ensemble ! (Majorité présidentielle),52138,"65,44","45,84",OUI,5602,56,53,364.0,2ème circonscription,1,53,56,OUI,
56003,5,LE PEIH,Nicole,Mme,ENS,Ensemble ! (Majorité présidentielle),37776,"57,56","38,49",OUI,5603,56,53,365.0,3ème circonscription,1,53,56,OUI,
56004,4,MOLAC,Paul,M.,REG,Régionaliste,51799,"65,12","45,58",OUI,5604,56,53,366.0,4ème circonscription,1,53,56,OUI,
56005,2,GIRARD,Damien,M.,UG,Union de la gauche,21760,"38,88","26,92",OUI,5605,56,53,367.0,5ème circonscription,1,53,56,OUI,
56006,1,JACQUES,Jean-Michel,M.,ENS,Ensemble ! (Majorité présidentielle),37983,"59,98","40,48",OUI,5606,56,53,368.0,6ème circonscription,1,53,56,OUI,
57001,2,BELHADDAD,Belkhir,M.,ENS,Ensemble ! (Majorité présidentielle),31517,"55,70","33,54",OUI,5701,57,44,284.0,1ère circonscription,1,44,57,OUI,
57002,3,MENDES,Ludovic,M.,ENS,Ensemble ! (Majorité présidentielle),27875,"57,65","36,29",OUI,5702,57,44,285.0,2ème circonscription,1,44,57,OUI,
57003,4,COLIN-OESTERLÉ,Nathalie,Mme,UDI,Union des Démocrates et Indépendants,29657,"61,78","38,99",OUI,5703,57,44,286.0,3ème circonscription,1,44,57,OUI,
57004,6,DI FILIPPO,Fabien,M.,LR,Les Républicains,29287,"54,83","36,25",OUI,5704,57,44,287.0,4ème circonscription,1,44,57,OUI,
57005,4,JENFT,Pascal,M.,RN,Rassemblement National,23584,"52,64","32,71",OUI,5705,57,44,288.0,5ème circonscription,1,44,57,OUI,
57006,3,PFEFFER,Kévin,M.,RN,Rassemblement National,18575,"50,90","27,98",OUI,5706,57,44,,6ème circonscription,1,44,57,,OUI
57007,5,LOUBET,Alexandre,M.,RN,Rassemblement National,28528,"53,33","31,97",OUI,5707,57,44,,7ème circonscription,1,44,57,,OUI
57008,3,JACOBELLI,Laurent,M.,RN,Rassemblement National,26435,"54,41","28,93",OUI,5708,57,44,291.0,8ème circonscription,1,44,57,OUI,
57009,4,RAUCH,Isabelle,Mme,ENS,Ensemble ! (Majorité présidentielle),37070,"58,13","36,80",OUI,5709,57,44,292.0,9ème circonscription,1,44,57,OUI,
58001,2,GOULET,Perrine,Mme,ENS,Ensemble ! (Majorité présidentielle),24627,"53,67","33,34",OUI,5801,58,27,171.0,1ère circonscription,1,27,58,OUI,
58002,6,GUIBERT,Julien,M.,RN,Rassemblement National,27522,"54,82","34,94",OUI,5802,58,27,172.0,2ème circonscription,1,27,58,OUI,
59001,14,LE COQ,Aurélien,M.,UG,Union de la gauche,27116,"75,49","43,94",OUI,5901,59,32,218.0,1ère circonscription,1,32,59,OUI,
59002,1,BERNALICIS,Ugo,M.,UG,Union de la gauche,29571,"53,20","33,84",OUI,5902,59,32,219.0,2ème circonscription,1,32,59,OUI,
59003,1,DELANNOY,Sandra,Mme,RN,Rassemblement National,26874,"50,82","29,33",OUI,5903,59,32,,3ème circonscription,1,32,59,,OUI
59004,3,LISO,Brigitte,Mme,ENS,Ensemble ! (Majorité présidentielle),27461,"40,17","26,96",OUI,5904,59,32,221.0,4ème circonscription,1,32,59,OUI,
59005,5,HUYGHE,Sébastien,M.,DVD,Divers droite,37411,"56,65","36,57",OUI,5905,59,32,222.0,5ème circonscription,1,32,59,OUI,
59006,3,PARMENTIER-LECOCQ,Charlotte,Mme,ENS,Ensemble ! (Majorité présidentielle),39467,"60,31","41,52",OUI,5906,59,32,223.0,6ème circonscription,1,32,59,OUI,
59007,1,GERARD,Félicie,Mme,HOR,Horizons,18612,"39,53","25,34",OUI,5907,59,32,224.0,7ème circonscription,1,32,59,OUI,
59008,2,GUIRAUD,David,M.,UG,Union de la gauche,22081,"64,32","32,02",OUI,5908,59,32,225.0,8ème circonscription,1,32,59,OUI,
59009,3,SPILLEBOUT,Violette,Mme,ENS,Ensemble ! (Majorité présidentielle),27081,"45,10","29,41",OUI,5909,59,32,226.0,9ème circonscription,1,32,59,OUI,
59010,5,DARMANIN,Gérald,M.,ENS,Ensemble ! (Majorité présidentielle),28603,"61,37","34,37",OUI,5910,59,32,227.0,10ème circonscription,1,32,59,OUI,
59011,4,VICOT,Roger,M.,UG,Union de la gauche,33740,"61,25","36,19",OUI,5911,59,32,228.0,11ème circonscription,1,32,59,OUI,
59012,4,TAVERNE,Michael,M.,RN,Rassemblement National,31567,"54,74","33,92",OUI,5912,59,32,,12ème circonscription,1,32,59,,OUI
59013,1,GOKEL,Julien,M.,DIV,Divers,26769,"53,76","31,10",OUI,5913,59,32,230.0,13ème circonscription,1,32,59,OUI,
59014,5,CHRISTOPHE,Paul,M.,DVD,Divers droite,32303,"50,15","32,48",OUI,5914,59,32,231.0,14ème circonscription,1,32,59,OUI,
59015,3,BATAILLE,Jean-Pierre,M.,DVD,Divers droite,32228,"50,20","33,01",OUI,5915,59,32,232.0,15ème circonscription,1,32,59,OUI,
59016,1,MARCHIO,Matthieu,M.,RN,Rassemblement National,26608,"53,12","31,66",OUI,5916,59,32,,16ème circonscription,1,32,59,,OUI
59017,1,TESSON,Thierry,M.,RN,Rassemblement National,23873,"55,80","32,31",OUI,5917,59,32,234.0,17ème circonscription,1,32,59,OUI,
59018,1,DUFOSSET,Alexandre,M.,RN,Rassemblement National,29404,"52,51","32,38",OUI,5918,59,32,,18ème circonscription,1,32,59,,OUI
59019,2,CHENU,Sébastien,M.,RN,Rassemblement National,27592,"58,32","34,11",OUI,5919,59,32,,19ème circonscription,1,32,59,,OUI
59020,1,FLORQUIN,Guillaume,M.,RN,Rassemblement National,23852,"50,30","29,02",OUI,5920,59,32,,20ème circonscription,1,32,59,,OUI
59021,6,LÉTARD,Valérie,Mme,UDI,Union des Démocrates et Indépendants,24485,"51,59","30,16",OUI,5921,59,32,238.0,21ème circonscription,1,32,59,OUI,
60001,7,MARAIS-BEUIL,Claire,Mme,RN,Rassemblement National,26823,"51,69","32,22",OUI,6001,60,32,239.0,1ère circonscription,1,32,60,OUI,
60002,5,BALLARD,Philippe,M.,RN,Rassemblement National,30823,"53,20","34,51",OUI,6002,60,32,,2ème circonscription,1,32,60,,OUI
60003,1,SABATOU,Alexandre,M.,RN,Rassemblement National,21940,"51,96","29,44",OUI,6003,60,32,241.0,3ème circonscription,1,32,60,OUI,
60004,2,WOERTH,Eric,M.,ENS,Ensemble ! (Majorité présidentielle),32173,"53,44","34,15",OUI,6004,60,32,242.0,4ème circonscription,1,32,60,OUI,
60005,6,VOS,Frédéric Pierre,M.,RN,Rassemblement National,24669,"55,76","33,50",OUI,6005,60,32,243.0,5ème circonscription,1,32,60,OUI,
60006,1,GUINIOT,Michel,M.,RN,Rassemblement National,25118,"52,57","33,11",OUI,6006,60,32,244.0,6ème circonscription,1,32,60,OUI,
60007,2,MAGNIER,David,M.,RN,Rassemblement National,21662,"43,85","28,08",OUI,6007,60,32,245.0,7ème circonscription,1,32,60,OUI,
61001,5,JOURDAN,Chantal,Mme,UG,Union de la gauche,22804,"53,89","33,44",OUI,6101,61,28,200.0,1ère circonscription,1,28,61,OUI,
61002,3,LOUWAGIE,Véronique,Mme,DVD,Divers droite,23433,"54,43","36,31",OUI,6102,61,28,201.0,2ème circonscription,1,28,61,OUI,
61003,4,NURY,Jérôme,M.,DVD,Divers droite,29782,"64,73","42,16",OUI,6103,61,28,202.0,3ème circonscription,1,28,61,OUI,
62001,2,BLAIRY,Emmanuel,M.,RN,Rassemblement National,38755,"54,08","36,82",OUI,6201,62,32,,1ère circonscription,1,32,62,,OUI
62002,3,PANNIER-RUNACHER,Agnès,Mme,ENS,Ensemble ! (Majorité présidentielle),31642,"55,84","35,71",OUI,6202,62,32,247.0,2ème circonscription,1,32,62,OUI,
62003,3,CLAVET,Bruno,M.,RN,Rassemblement National,25200,"52,40","30,35",OUI,6203,62,32,,3ème circonscription,1,32,62,,OUI
62004,8,FAIT,Philippe,M.,ENS,Ensemble ! (Majorité présidentielle),30237,"50,85","33,61",OUI,6204,62,32,249.0,4ème circonscription,1,32,62,OUI,
62005,2,GOLLIOT,Antoine,M.,RN,Rassemblement National,27176,"50,45","29,89",OUI,6205,62,32,250.0,5ème circonscription,1,32,62,OUI,
62006,6,ENGRAND,Christine,Mme,RN,Rassemblement National,32553,"50,70","34,40",OUI,6206,62,32,,6ème circonscription,1,32,62,,OUI
62007,3,DE FLEURIAN,Marc,M.,RN,Rassemblement National,29282,"51,86","30,93",OUI,6207,62,32,252.0,7ème circonscription,1,32,62,OUI,
62008,1,EVRARD,Auguste,M.,RN,Rassemblement National,29775,"52,27","32,23",OUI,6208,62,32,253.0,8ème circonscription,1,32,62,OUI,
62009,4,PARMENTIER,Caroline,Mme,RN,Rassemblement National,27318,"54,64","33,82",OUI,6209,62,32,254.0,9ème circonscription,1,32,62,OUI,
62010,3,FRAPPÉ,Thierry,M.,RN,Rassemblement National,32530,"60,61","36,51",OUI,6210,62,32,,10ème circonscription,1,32,62,,OUI
62011,2,LE PEN,Marine,Mme,RN,Rassemblement National,32681,"58,04","34,71",OUI,6211,62,32,,11ème circonscription,1,32,62,,OUI
62012,2,BILDE,Bruno,M.,RN,Rassemblement National,33944,"59,24","35,07",OUI,6212,62,32,,12ème circonscription,1,32,62,,OUI
63001,4,MAXIMI,Marianne,Mme,UG,Union de la gauche,23772,"43,24","28,37",OUI,6301,63,84,502.0,1ère circonscription,1,84,63,OUI,
63002,5,PIRÈS BEAUNE,Christine,Mme,UG,Union de la gauche,34546,"56,63","38,31",OUI,6302,63,84,503.0,2ème circonscription,1,84,63,OUI,
63003,8,BONNET,Nicolas,M.,UG,Union de la gauche,23815,"37,12","26,41",OUI,6303,63,84,504.0,3ème circonscription,1,84,63,OUI,
63004,1,LINGEMANN,Delphine,Mme,ENS,Ensemble ! (Majorité présidentielle),42379,"62,29","41,56",OUI,6304,63,84,505.0,4ème circonscription,1,84,63,OUI,
63005,4,CHASSAIGNE,André,M.,UG,Union de la gauche,38292,"55,27","36,45",OUI,6305,63,84,506.0,5ème circonscription,1,84,63,OUI,
64001,3,POUEYTO,Josy,Mme,ENS,Ensemble ! (Majorité présidentielle),30942,"66,69","44,55",OUI,6401,64,75,402.0,1ère circonscription,1,75,64,OUI,
64002,5,MATTEÏ,Jean-Paul,M.,ENS,Ensemble ! (Majorité présidentielle),37347,"63,74","44,11",OUI,6402,64,75,403.0,2ème circonscription,1,75,64,OUI,
64003,5,HABIB,David,M.,DVG,Divers gauche,37305,"64,50","44,45",OUI,6403,64,75,404.0,3ème circonscription,1,75,64,OUI,
64004,2,ECHANIZ,Iñaki,M.,UG,Union de la gauche,27762,"47,92","34,36",OUI,6404,64,75,405.0,4ème circonscription,1,75,64,OUI,
64005,5,CAPDEVIELLE,Colette,Mme,UG,Union de la gauche,40607,"62,64","40,15",OUI,6405,64,75,406.0,5ème circonscription,1,75,64,OUI,
64006,2,DUFAU,Peio,M.,UG,Union de la gauche,27117,"36,28","25,43",OUI,6406,64,75,407.0,6ème circonscription,1,75,64,OUI,
65001,4,FERRER,Sylvie,Mme,UG,Union de la gauche,28245,"53,11","32,35",OUI,6501,65,76,456.0,1ère circonscription,1,76,65,OUI,
65002,5,FÉGNÉ,Denis,M.,UG,Union de la gauche,29345,"51,72","33,16",OUI,6502,65,76,457.0,2ème circonscription,1,76,65,OUI,
66001,1,BLANC,Sophie,Mme,RN,Rassemblement National,25150,"57,58","33,95",OUI,6601,66,76,458.0,1ère circonscription,1,76,66,OUI,
66002,6,SABATINI,Anaïs,Mme,RN,Rassemblement National,38323,"54,98","36,10",OUI,6602,66,76,,2ème circonscription,1,76,66,,OUI
66003,5,DOGOR-SUCH,Sandrine,Mme,RN,Rassemblement National,29118,"56,28","33,99",OUI,6603,66,76,460.0,3ème circonscription,1,76,66,OUI,
66004,2,MARTINEZ,Michèle,Mme,RN,Rassemblement National,38045,"58,14","37,03",OUI,6604,66,76,461.0,4ème circonscription,1,76,66,OUI,
67001,15,REGOL,Sandra,Mme,UG,Union de la gauche,23414,"58,81","37,42",OUI,6701,67,44,293.0,1ère circonscription,1,44,67,OUI,
67002,3,FERNANDES,Emmanuel,M.,UG,Union de la gauche,24089,"48,79","32,99",OUI,6702,67,44,294.0,2ème circonscription,1,44,67,OUI,
67003,8,SOTHER,Thierry,M.,UG,Union de la gauche,20151,"43,27","28,40",OUI,6703,67,44,295.0,3ème circonscription,1,44,67,OUI,
67004,7,BUFFET,Françoise,Mme,ENS,Ensemble ! (Majorité présidentielle),41628,"61,44","42,02",OUI,6704,67,44,296.0,4ème circonscription,1,44,67,OUI,
67005,2,SITZENSTUHL,Charles,M.,ENS,Ensemble ! (Majorité présidentielle),39124,"55,18","36,36",OUI,6705,67,44,297.0,5ème circonscription,1,44,67,OUI,
67006,1,MOREL,Louise,Mme,ENS,Ensemble ! (Majorité présidentielle),35889,"55,02","36,52",OUI,6706,67,44,298.0,6ème circonscription,1,44,67,OUI,
67007,1,HETZEL,Patrick,M.,LR,Les Républicains,30986,"54,80","35,96",OUI,6707,67,44,299.0,7ème circonscription,1,44,67,OUI,
67008,3,BERNHARDT,Théo,M.,RN,Rassemblement National,31015,"51,44","32,75",OUI,6708,67,44,300.0,8ème circonscription,1,44,67,OUI,
67009,2,THIEBAUT,Vincent,M.,ENS,Ensemble ! (Majorité présidentielle),34046,"54,06","35,36",OUI,6709,67,44,301.0,9ème circonscription,1,44,67,OUI,
68001,6,KLINKERT,Brigitte,Mme,ENS,Ensemble ! (Majorité présidentielle),28399,"58,24","35,95",OUI,6801,68,44,302.0,1ère circonscription,1,44,68,OUI,
68002,2,OTT,Hubert,M.,ENS,Ensemble ! (Majorité présidentielle),34908,"57,82","37,74",OUI,6802,68,44,303.0,2ème circonscription,1,44,68,OUI,
68003,9,LEMAIRE,Didier,M.,ENS,Ensemble ! (Majorité présidentielle),29028,"51,92","33,22",OUI,6803,68,44,304.0,3ème circonscription,1,44,68,OUI,
68004,6,SCHELLENBERGER,Raphaël,M.,LR,Les Républicains,34309,"50,68","32,91",OUI,6804,68,44,305.0,4ème circonscription,1,44,68,OUI,
68005,6,BECHT,Olivier,M.,ENS,Ensemble ! (Majorité présidentielle),31766,"67,00","41,73",OUI,6805,68,44,306.0,5ème circonscription,1,44,68,OUI,
68006,1,FUCHS,Bruno,M.,ENS,Ensemble ! (Majorité présidentielle),32651,"55,25","34,76",OUI,6806,68,44,307.0,6ème circonscription,1,44,68,OUI,
69001,1,BELOUASSA-CHERIFI,Anaïs,Mme,UG,Union de la gauche,23970,"46,60","33,33",OUI,6901,69,84,507.0,1ère circonscription,1,84,69,OUI,
69002,6,TAVERNIER,Boris,M.,UG,Union de la gauche,30239,"58,58","40,52",OUI,6902,69,84,508.0,2ème circonscription,1,84,69,OUI,
69003,3,GARIN,Marie-Charlotte,Mme,UG,Union de la gauche,27736,"51,51","39,16",OUI,6903,69,84,,3ème circonscription,1,84,69,,OUI
69004,1,RUNEL,Sandrine,Mme,UG,Union de la gauche,24852,"42,48","31,50",OUI,6904,69,84,510.0,4ème circonscription,1,84,69,OUI,
69005,2,BROCARD,Blandine,Mme,ENS,Ensemble ! (Majorité présidentielle),30324,"45,66","33,46",OUI,6905,69,84,511.0,5ème circonscription,1,84,69,OUI,
69006,2,AMARD,Gabriel,M.,UG,Union de la gauche,25352,"50,57","27,55",OUI,6906,69,84,512.0,6ème circonscription,1,84,69,OUI,
69007,2,LAHMAR,Abdelkader,M.,UG,Union de la gauche,21966,"50,04","30,24",OUI,6907,69,84,513.0,7ème circonscription,1,84,69,OUI,
69008,1,GERY,Jonathan,M.,RN,Rassemblement National,29317,"37,90","27,66",OUI,6908,69,84,514.0,8ème circonscription,1,84,69,OUI,
69009,5,PORTIER,Alexandre,M.,LR,Les Républicains,40872,"60,37","41,64",OUI,6909,69,84,515.0,9ème circonscription,1,84,69,OUI,
69010,3,GASSILLOUD,Thomas,M.,ENS,Ensemble ! (Majorité présidentielle),45099,"62,93","45,52",OUI,6910,69,84,516.0,10ème circonscription,1,84,69,OUI,
69011,6,FUGIT,Jean-Luc,M.,ENS,Ensemble ! (Majorité présidentielle),38214,"56,80","38,98",OUI,6911,69,84,517.0,11ème circonscription,1,84,69,OUI,
69012,4,ISAAC-SIBILLE,Cyrille,M.,ENS,Ensemble ! (Majorité présidentielle),23200,"38,79","28,03",OUI,6912,69,84,518.0,12ème circonscription,1,84,69,OUI,
69013,2,JONCOUR,Tiffany,Mme,RN,Rassemblement National,28871,"51,87","32,14",OUI,6913,69,84,519.0,13ème circonscription,1,84,69,OUI,
69014,1,BOUMERTIT,Idir,M.,UG,Union de la gauche,27268,"64,99","35,60",OUI,6914,69,84,520.0,14ème circonscription,1,84,69,OUI,
70001,4,VILLEDIEU,Antoine,M.,RN,Rassemblement National,32032,"53,52","36,26",OUI,7001,70,27,173.0,1ère circonscription,1,27,70,OUI,
70002,5,SALMON,Emeric,M.,RN,Rassemblement National,30315,"50,11","33,92",OUI,7002,70,27,,2ème circonscription,1,27,70,,OUI
71001,2,DIRX,Benjamin,M.,ENS,Ensemble ! (Majorité présidentielle),30146,"60,55","40,05",OUI,7101,71,27,175.0,1ère circonscription,1,27,71,OUI,
71002,5,CORNELOUP,Josiane,Mme,LR,Les Républicains,29978,"58,39","39,12",OUI,7102,71,27,176.0,2ème circonscription,1,27,71,OUI,
71003,7,DUTREMBLE,Aurélien,M.,RN,Rassemblement National,26523,"50,06","32,79",OUI,7103,71,27,177.0,3ème circonscription,1,27,71,OUI,
71004,4,MICHOUX,Eric,M.,UXD,Union de l'extrême droite,29272,"54,66","35,42",OUI,7104,71,27,178.0,4ème circonscription,1,27,71,OUI,
71005,2,SANVERT,Arnaud,M.,RN,Rassemblement National,22657,"40,57","26,35",OUI,7105,71,27,179.0,5ème circonscription,1,27,71,OUI,
72001,1,DELPECH,Julie,Mme,ENS,Ensemble ! (Majorité présidentielle),29050,"60,91","39,37",OUI,7201,72,52,332.0,1ère circonscription,1,52,72,OUI,
72002,5,KARAMANLI,Marietta,Mme,UG,Union de la gauche,28659,"57,31","34,21",OUI,7202,72,52,333.0,2ème circonscription,1,52,72,OUI,
72003,2,MARTINEAU,Eric,M.,ENS,Ensemble ! (Majorité présidentielle),28391,"51,44","33,08",OUI,7203,72,52,334.0,3ème circonscription,1,52,72,OUI,
72004,6,LEBOUCHER,Elise,Mme,UG,Union de la gauche,24136,"50,23","29,63",OUI,7204,72,52,335.0,4ème circonscription,1,52,72,OUI,
72005,2,GRELIER,Jean-Carles,M.,ENS,Ensemble ! (Majorité présidentielle),32006,"57,04","36,37",OUI,7205,72,52,336.0,5ème circonscription,1,52,72,OUI,
73001,6,FERRARI,Marina,Mme,ENS,Ensemble ! (Majorité présidentielle),37644,"58,08","39,99",OUI,7301,73,84,521.0,1ère circonscription,1,84,73,OUI,
73002,1,ROLLAND,Vincent,M.,LR,Les Républicains,30016,"60,38","39,70",OUI,7302,73,84,522.0,2ème circonscription,1,84,73,OUI,
73003,3,BONNIVARD,Emilie,Mme,LR,Les Républicains,31430,"61,16","42,13",OUI,7303,73,84,523.0,3ème circonscription,1,84,73,OUI,
73004,2,COULOMME,Jean-François,M.,UG,Union de la gauche,29313,"59,02","36,81",OUI,7304,73,84,524.0,4ème circonscription,1,84,73,OUI,
74001,6,RIOTTON,Véronique,Mme,ENS,Ensemble ! (Majorité présidentielle),49164,"64,23","44,40",OUI,7401,74,84,525.0,1ère circonscription,1,84,74,OUI,
74002,6,ARMAND,Antoine,M.,ENS,Ensemble ! (Majorité présidentielle),47182,"68,83","46,39",OUI,7402,74,84,526.0,2ème circonscription,1,84,74,OUI,
74003,5,PETEX,Christelle,Mme,DVD,Divers droite,33738,"56,19","37,50",OUI,7403,74,84,527.0,3ème circonscription,1,84,74,OUI,
74004,7,DUBY-MULLER,Virginie,Mme,LR,Les Républicains,37452,"68,89","41,20",OUI,7404,74,84,528.0,4ème circonscription,1,84,74,OUI,
74005,1,VIOLLAND,Anne-Cécile,Mme,ENS,Ensemble ! (Majorité présidentielle),41609,"62,13","40,11",OUI,7405,74,84,529.0,5ème circonscription,1,84,74,OUI,
74006,1,ROSEREN,Xavier,M.,ENS,Ensemble ! (Majorité présidentielle),31509,"58,84","38,35",OUI,7406,74,84,530.0,6ème circonscription,1,84,74,OUI,
75001,6,MAILLARD,Sylvain,M.,ENS,Ensemble ! (Majorité présidentielle),35238,"63,64","41,79",OUI,7501,75,11,38.0,1ère circonscription,1,11,75,OUI,
75002,7,LAUSSUCQ,Jean,M.,ENS,Ensemble ! (Majorité présidentielle),28294,"56,50","37,94",OUI,7502,75,11,39.0,2ème circonscription,1,11,75,OUI,
75003,2,BALAGE EL MARIKY,Léa,Mme,UG,Union de la gauche,25914,"53,59","35,41",OUI,7503,75,11,40.0,3ème circonscription,1,11,75,OUI,
75004,1,PANOSYAN-BOUVET,Astrid,Mme,ENS,Ensemble ! (Majorité présidentielle),24023,"51,93","32,82",OUI,7504,75,11,41.0,4ème circonscription,1,11,75,OUI,
75005,11,AMIRSHAHI,Pouria,M.,UG,Union de la gauche,32152,"54,24","40,47",OUI,7505,75,11,,5ème circonscription,1,11,75,,OUI
75006,1,CHIKIROU,Sophia,Mme,UG,Union de la gauche,34329,"58,19","42,26",OUI,7506,75,11,,6ème circonscription,1,11,75,,OUI
75007,10,GREGOIRE,Emmanuel,M.,UG,Union de la gauche,30974,"50,87","38,54",OUI,7507,75,11,,7ème circonscription,1,11,75,,OUI
75008,3,SAS,Eva,Mme,UG,Union de la gauche,30923,"50,73","36,25",OUI,7508,75,11,,8ème circonscription,1,11,75,,OUI
75009,3,ROUSSEAU,Sandrine,Mme,UG,Union de la gauche,26020,"52,13","36,48",OUI,7509,75,11,,9ème circonscription,1,11,75,,OUI
75010,1,ARENAS,Rodrigo,M.,UG,Union de la gauche,25216,"50,66","35,82",OUI,7510,75,11,,10ème circonscription,1,11,75,,OUI
75011,4,HERVIEU,Céline,Mme,UG,Union de la gauche,25212,"50,58","34,60",OUI,7511,75,11,48.0,11ème circonscription,1,11,75,OUI,
75012,2,GREGOIRE,Olivia,Mme,ENS,Ensemble ! (Majorité présidentielle),31672,"65,20","41,94",OUI,7512,75,11,49.0,12ème circonscription,1,11,75,OUI,
75013,6,AMIEL,David,M.,ENS,Ensemble ! (Majorité présidentielle),27969,"55,76","35,97",OUI,7513,75,11,50.0,13ème circonscription,1,11,75,OUI,
75014,2,HADDAD,Benjamin,M.,ENS,Ensemble ! (Majorité présidentielle),34721,"72,33","45,44",OUI,7514,75,11,51.0,14ème circonscription,1,11,75,OUI,
75015,9,SIMONNET,Danielle,Mme,DVG,Divers gauche,28858,"74,19","36,25",OUI,7515,75,11,52.0,15ème circonscription,1,11,75,OUI,
75016,7,LEGRAIN,Sarah,Mme,UG,Union de la gauche,32422,"62,47","42,43",OUI,7516,75,11,,16ème circonscription,1,11,75,,OUI
75017,7,OBONO,Danièle,Mme,UG,Union de la gauche,26238,"64,23","41,56",OUI,7517,75,11,,17ème circonscription,1,11,75,,OUI
75018,2,CARON,Aymeric,M.,UG,Union de la gauche,26299,"50,38","37,40",OUI,7518,75,11,,18ème circonscription,1,11,75,,OUI
76001,6,HEROUIN-LÉAUTEY,Florence,Mme,UG,Union de la gauche,22790,"51,23","34,21",OUI,7601,76,28,203.0,1ère circonscription,1,28,76,OUI,
76002,5,VIDAL,Annie,Mme,ENS,Ensemble ! (Majorité présidentielle),39755,"59,92","41,51",OUI,7602,76,28,204.0,2ème circonscription,1,28,76,OUI,
76003,5,BÉNARD,Edouard,M.,UG,Union de la gauche,27329,"66,88","38,69",OUI,7603,76,28,205.0,3ème circonscription,1,28,76,OUI,
76004,3,DUFOUR,Alma,Mme,UG,Union de la gauche,26194,"52,51","30,38",OUI,7604,76,28,206.0,4ème circonscription,1,28,76,OUI,
76005,1,LESEUL,Gérard,M.,UG,Union de la gauche,31994,"51,69","33,71",OUI,7605,76,28,207.0,5ème circonscription,1,28,76,OUI,
76006,5,MARTIN,Patrice,M.,RN,Rassemblement National,36277,"51,21","33,20",OUI,7606,76,28,208.0,6ème circonscription,1,28,76,OUI,
76007,1,FIRMIN LE BODO,Agnès,Mme,HOR,Horizons,36050,"66,18","42,14",OUI,7607,76,28,209.0,7ème circonscription,1,28,76,OUI,
76008,5,LECOQ,Jean-Paul,M.,UG,Union de la gauche,23040,"63,08","35,73",OUI,7608,76,28,210.0,8ème circonscription,1,28,76,OUI,
76009,4,POUSSIER-WINSBACK,Marie-Agnès,Mme,HOR,Horizons,31548,"50,34","33,05",OUI,7609,76,28,211.0,9ème circonscription,1,28,76,OUI,
76010,4,LE BOURGEOIS,Robert,M.,RN,Rassemblement National,38603,"51,66","34,81",OUI,7610,76,28,212.0,10ème circonscription,1,28,76,OUI,
77001,3,SAINT-MARTIN,Arnaud,M.,UG,Union de la gauche,16957,"37,71","23,76",OUI,7701,77,11,56.0,1ère circonscription,1,11,77,OUI,
77002,7,VALLETOUX,Frédéric,M.,ENS,Ensemble ! (Majorité présidentielle),31470,"59,95","39,11",OUI,7702,77,11,57.0,2ème circonscription,1,11,77,OUI,
77003,4,THIERIOT,Jean-Louis,M.,LR,Les Républicains,28560,"58,51","36,65",OUI,7703,77,11,58.0,3ème circonscription,1,11,77,OUI,
77004,5,LIMONGI,Julien,M.,RN,Rassemblement National,29118,"51,70","32,82",OUI,7704,77,11,59.0,4ème circonscription,1,11,77,OUI,
77005,5,RIESTER,Franck,M.,ENS,Ensemble ! (Majorité présidentielle),30038,"54,40","33,44",OUI,7705,77,11,60.0,5ème circonscription,1,11,77,OUI,
77006,4,ROULLAUD,Béatrice,Mme,RN,Rassemblement National,24362,"52,50","29,38",OUI,7706,77,11,61.0,6ème circonscription,1,11,77,OUI,
77007,4,SOUDAIS,Ersilia,Mme,UG,Union de la gauche,27137,"53,00","30,40",OUI,7707,77,11,62.0,7ème circonscription,1,11,77,OUI,
77008,1,BONNET,Arnaud,M.,UG,Union de la gauche,24892,"39,28","25,47",OUI,7708,77,11,63.0,8ème circonscription,1,11,77,OUI,
77009,3,THIÉBAULT-MARTINEZ,Céline,Mme,UG,Union de la gauche,27726,"53,65","31,59",OUI,7709,77,11,64.0,9ème circonscription,1,11,77,OUI,
77010,1,LAISNEY,Maxime,M.,UG,Union de la gauche,32280,"69,06","38,88",OUI,7710,77,11,65.0,10ème circonscription,1,11,77,OUI,
77011,5,FAURE,Olivier,M.,UG,Union de la gauche,21643,"53,42","32,35",OUI,7711,77,11,,11ème circonscription,1,11,77,,OUI
78001,1,RODWELL,Charles,M.,ENS,Ensemble ! (Majorité présidentielle),27403,"46,90","32,54",OUI,7801,78,11,67.0,1ère circonscription,1,11,78,OUI,
78002,2,BARROT,Jean-Noël,M.,ENS,Ensemble ! (Majorité présidentielle),43607,"72,69","50,13",OUI,7802,78,11,68.0,2ème circonscription,1,11,78,OUI,
78003,1,PIRON,Béatrice,Mme,ENS,Ensemble ! (Majorité présidentielle),38824,"68,75","46,47",OUI,7803,78,11,69.0,3ème circonscription,1,11,78,OUI,
78004,1,LEBEC,Marie,Mme,ENS,Ensemble ! (Majorité présidentielle),28306,"50,67","35,00",OUI,7804,78,11,70.0,4ème circonscription,1,11,78,OUI,
78005,7,BRAUN-PIVET,Yaël,Mme,ENS,Ensemble ! (Majorité présidentielle),25400,"49,10","33,08",OUI,7805,78,11,71.0,5ème circonscription,1,11,78,OUI,
78006,8,POUZYREFF,Natalia,Mme,ENS,Ensemble ! (Majorité présidentielle),24322,"47,83","31,54",OUI,7806,78,11,72.0,6ème circonscription,1,11,78,OUI,
78007,7,ROUSSEAU,Aurélien,M.,UG,Union de la gauche,21043,"39,14","25,78",OUI,7807,78,11,73.0,7ème circonscription,1,11,78,OUI,
78008,7,LUCAS,Benjamin,M.,UG,Union de la gauche,27801,"63,55","36,89",OUI,7808,78,11,74.0,8ème circonscription,1,11,78,OUI,
78009,8,DIOP,Dieynaba,Mme,UG,Union de la gauche,31040,"53,97","32,97",OUI,7809,78,11,75.0,9ème circonscription,1,11,78,OUI,
78010,2,BERGÉ,Aurore,Mme,ENS,Ensemble ! (Majorité présidentielle),32048,"49,05","34,64",OUI,7810,78,11,76.0,10ème circonscription,1,11,78,OUI,
78011,6,MAZAURY,Laurent,M.,UDI,Union des Démocrates et Indépendants,22175,"50,16","31,39",OUI,7811,78,11,77.0,11ème circonscription,1,11,78,OUI,
78012,7,OLIVE,Karl,M.,ENS,Ensemble ! (Majorité présidentielle),22452,"45,07","31,03",OUI,7812,78,11,78.0,12ème circonscription,1,11,78,OUI,
79001,6,MARCHIVE,Bastien,M.,DVC,Divers centre,26655,"42,37","29,05",OUI,7901,79,75,408.0,1ère circonscription,1,75,79,OUI,
79002,1,BATHO,Delphine,Mme,ECO,Ecologistes,37808,"59,21","38,56",OUI,7902,79,75,409.0,2ème circonscription,1,75,79,OUI,
79003,3,FIÉVET,Jean-Marie,M.,ENS,Ensemble ! (Majorité présidentielle),31878,"58,07","37,36",OUI,7903,79,75,410.0,3ème circonscription,1,75,79,OUI,
80001,5,RUFFIN,François,M.,UG,Union de la gauche,27108,"52,96","32,62",OUI,8001,80,32,258.0,1ère circonscription,1,32,80,OUI,
80002,7,HAMDANE,Zahia,Mme,UG,Union de la gauche,18537,"35,77","23,97",OUI,8002,80,32,259.0,2ème circonscription,1,32,80,OUI,
80003,7,RENAULT,Matthias,M.,RN,Rassemblement National,29873,"54,06","36,42",OUI,8003,80,32,260.0,3ème circonscription,1,32,80,OUI,
80004,5,TANGUY,Jean-Philippe,M.,RN,Rassemblement National,31468,"57,48","36,98",OUI,8004,80,32,261.0,4ème circonscription,1,32,80,OUI,
80005,2,MENACHE,Yaël,Mme,RN,Rassemblement National,29281,"55,98","36,06",OUI,8005,80,32,,5ème circonscription,1,32,80,,OUI
81001,5,BONNECARRERE,Philippe,M.,DVC,Divers centre,32529,"56,23","38,11",OUI,8101,81,76,462.0,1ère circonscription,1,76,81,OUI,
81002,3,ERODI,Karen,Mme,UG,Union de la gauche,35446,"50,73","32,13",OUI,8102,81,76,463.0,2ème circonscription,1,76,81,OUI,
81003,4,TERLIER,Jean,M.,ENS,Ensemble ! (Majorité présidentielle),36127,"50,99","34,48",OUI,8103,81,76,464.0,3ème circonscription,1,76,81,OUI,
82001,1,BAREGES,Brigitte,Mme,UXD,Union de l'extrême droite,32394,"51,25","34,67",OUI,8201,82,76,465.0,1ère circonscription,1,76,82,OUI,
82002,4,HAMELET,Marine,Mme,RN,Rassemblement National,37015,"61,51","38,08",OUI,8202,82,76,466.0,2ème circonscription,1,76,82,OUI,
83001,3,CHENEVARD,Yannick,M.,ENS,Ensemble ! (Majorité présidentielle),23114,"52,85","32,50",OUI,8301,83,93,560.0,1ère circonscription,1,93,83,OUI,
83002,3,LAVALETTE,Laure,Mme,RN,Rassemblement National,30551,"50,81","32,91",OUI,8302,83,93,,2ème circonscription,1,93,83,,OUI
83003,2,RAMBAUD,Stéphane,M.,RN,Rassemblement National,35730,"53,11","34,59",OUI,8303,83,93,562.0,3ème circonscription,1,93,83,OUI,
83004,4,LOTTIAUX,Philippe,M.,RN,Rassemblement National,40631,"56,11","35,66",OUI,8304,83,93,,4ème circonscription,1,93,83,,OUI
83005,7,LECHANTEUX,Julie,Mme,RN,Rassemblement National,34496,"51,51","33,70",OUI,8305,83,93,,5ème circonscription,1,93,83,,OUI
83006,1,GILETTI,Frank,M.,RN,Rassemblement National,45882,"53,51","35,61",OUI,8306,83,93,,6ème circonscription,1,93,83,,OUI
83007,5,BOCCALETTI,Frédéric,M.,RN,Rassemblement National,36043,"55,81","34,73",OUI,8307,83,93,566.0,7ème circonscription,1,93,83,OUI,
83008,4,SCHRECK,Philippe,M.,RN,Rassemblement National,38433,"53,55","34,89",OUI,8308,83,93,,8ème circonscription,1,93,83,,OUI
84001,8,ARNAULT,Raphaël,M.,UG,Union de la gauche,22883,"54,98","30,91",OUI,8401,84,93,568.0,1ère circonscription,1,93,84,OUI,
84002,6,AUZANOT,Bénédicte,Mme,RN,Rassemblement National,31162,"56,92","36,03",OUI,8402,84,93,569.0,2ème circonscription,1,93,84,OUI,
84003,6,DE LÉPINAU,Hervé,M.,RN,Rassemblement National,28153,"53,51","35,50",OUI,8403,84,93,,3ème circonscription,1,93,84,,OUI
84004,3,LORHO,Marie-France,Mme,RN,Rassemblement National,35853,"65,43","39,55",OUI,8404,84,93,571.0,4ème circonscription,1,93,84,OUI,
84005,1,RIMBERT,Catherine,Mme,RN,Rassemblement National,29667,"55,39","34,92",OUI,8405,84,93,572.0,5ème circonscription,1,93,84,OUI,
85001,4,LATOMBE,Philippe,M.,ENS,Ensemble ! (Majorité présidentielle),48477,"60,90","40,14",OUI,8501,85,52,337.0,1ère circonscription,1,52,85,OUI,
85002,4,BELLAMY,Béatrice,Mme,ENS,Ensemble ! (Majorité présidentielle),46240,"60,23","40,53",OUI,8502,85,52,338.0,2ème circonscription,1,52,85,OUI,
85003,6,BUCHOU,Stéphane,M.,ENS,Ensemble ! (Majorité présidentielle),52496,"56,43","38,35",OUI,8503,85,52,339.0,3ème circonscription,1,52,85,OUI,
85004,4,BESSE,Véronique,Mme,DVD,Divers droite,31068,"43,36","29,67",OUI,8504,85,52,340.0,4ème circonscription,1,52,85,OUI,
85005,4,HENRIET,Pierre,M.,ENS,Ensemble ! (Majorité présidentielle),32085,"57,49","38,20",OUI,8505,85,52,341.0,5ème circonscription,1,52,85,OUI,
86001,5,BELLUCO,Lisa,Mme,UG,Union de la gauche,22660,"40,64","27,95",OUI,8601,86,75,411.0,1ère circonscription,1,75,86,OUI,
86002,6,HOULIÉ,Sacha,M.,ENS,Ensemble ! (Majorité présidentielle),23895,"41,90","29,79",OUI,8602,86,75,412.0,2ème circonscription,1,75,86,OUI,
86003,1,LECAMP,Pascal,M.,ENS,Ensemble ! (Majorité présidentielle),26100,"54,41","36,03",OUI,8603,86,75,413.0,3ème circonscription,1,75,86,OUI,
86004,5,TURQUOIS,Nicolas,M.,ENS,Ensemble ! (Majorité présidentielle),25152,"53,95","34,13",OUI,8604,86,75,414.0,4ème circonscription,1,75,86,OUI,
87001,2,MAUDET,Damien,M.,UG,Union de la gauche,24713,"42,20","29,43",OUI,8701,87,75,415.0,1ère circonscription,1,75,87,OUI,
87002,1,DELAUTRETTE,Stéphane,M.,UG,Union de la gauche,36679,"56,06","37,29",OUI,8702,87,75,416.0,2ème circonscription,1,75,87,OUI,
87003,4,MEUNIER,Manon,Mme,UG,Union de la gauche,23095,"40,76","28,37",OUI,8703,87,75,417.0,3ème circonscription,1,75,87,OUI,
88001,3,VIRY,Stéphane,M.,DVD,Divers droite,29264,"58,73","38,51",OUI,8801,88,44,308.0,1ère circonscription,1,44,88,OUI,
88002,1,DUSSAUSAYE,Gaëtan,M.,RN,Rassemblement National,25048,"52,77","34,83",OUI,8802,88,44,309.0,2ème circonscription,1,44,88,OUI,
88003,2,NAEGELEN,Christophe,M.,DVD,Divers droite,27341,"64,67","43,15",OUI,8803,88,44,310.0,3ème circonscription,1,44,88,OUI,
88004,6,HUMBERT,Sébastien,M.,RN,Rassemblement National,22797,"53,18","35,55",OUI,8804,88,44,311.0,4ème circonscription,1,44,88,OUI,
89001,6,GRENON,Daniel,M.,RN,Rassemblement National,23736,"51,38","31,66",OUI,8901,89,27,180.0,1ère circonscription,1,27,89,OUI,
89002,1,ROY,Sophie-Laurence,Mme,UXD,Union de l'extrême droite,23736,"50,42","32,85",OUI,8902,89,27,181.0,2ème circonscription,1,27,89,OUI,
89003,3,ODOUL,Julien,M.,RN,Rassemblement National,28735,"50,44","32,03",OUI,8903,89,27,,3ème circonscription,1,27,89,,OUI
90001,3,BOUCARD,Ian,M.,LR,Les Républicains,17512,"55,38","36,82",OUI,9001,90,27,183.0,1ère circonscription,1,27,90,OUI,
90002,6,BIGOT,Guillaume,M.,RN,Rassemblement National,14546,"50,59","31,33",OUI,9002,90,27,184.0,2ème circonscription,1,27,90,OUI,
91001,4,AMRANI,Farida,Mme,UG,Union de la gauche,21311,"50,97","30,51",OUI,9101,91,11,79.0,1ère circonscription,1,11,91,OUI,
91002,6,DA CONCEICAO CARVALHO,Nathalie,Mme,RN,Rassemblement National,28897,"52,46","31,08",OUI,9102,91,11,80.0,2ème circonscription,1,11,91,OUI,
91003,7,GUSTAVE,Steevy,M.,UG,Union de la gauche,35363,"56,71","35,67",OUI,9103,91,11,81.0,3ème circonscription,1,11,91,OUI,
91004,3,RIXAIN,Marie-Pierre,Mme,ENS,Ensemble ! (Majorité présidentielle),42391,"64,56","42,55",OUI,9104,91,11,82.0,4ème circonscription,1,11,91,OUI,
91005,8,MIDY,Paul,M.,ENS,Ensemble ! (Majorité présidentielle),23248,"51,74","33,83",OUI,9105,91,11,83.0,5ème circonscription,1,11,91,OUI,
91006,1,GUEDJ,Jérôme,M.,UG,Union de la gauche,38991,"74,26","46,78",OUI,9106,91,11,84.0,6ème circonscription,1,11,91,OUI,
91007,6,LEJEUNE,Claire,Mme,UG,Union de la gauche,20780,"44,31","28,01",OUI,9107,91,11,85.0,7ème circonscription,1,11,91,OUI,
91008,5,CERNON,Bérenger,M.,UG,Union de la gauche,20185,"40,52","26,36",OUI,9108,91,11,86.0,8ème circonscription,1,11,91,OUI,
91009,5,OZENNE,Julie,Mme,UG,Union de la gauche,29460,"62,00","36,91",OUI,9109,91,11,87.0,9ème circonscription,1,11,91,OUI,
91010,2,LÉAUMENT,Antoine,M.,UG,Union de la gauche,22551,"65,16","35,88",OUI,9110,91,11,88.0,10ème circonscription,1,11,91,OUI,
92001,6,FAUCILLON,Elsa,Mme,UG,Union de la gauche,26225,"64,83","38,73",OUI,9201,92,11,,1ère circonscription,1,11,92,,OUI
92002,8,LAM,Thomas,M.,LR,Les Républicains,27036,"54,84","37,70",OUI,9202,92,11,90.0,2ème circonscription,1,11,92,OUI,
92003,4,JUVIN,Philippe,M.,LR,Les Républicains,31109,"52,09","37,44",OUI,9203,92,11,,3ème circonscription,1,11,92,,OUI
92004,3,SEBAIHI,Sabrina,Mme,UG,Union de la gauche,28034,"57,99","34,57",OUI,9204,92,11,92.0,4ème circonscription,1,11,92,OUI,
92005,4,CALVEZ,Céline,Mme,ENS,Ensemble ! (Majorité présidentielle),27642,"56,05","35,66",OUI,9205,92,11,93.0,5ème circonscription,1,11,92,OUI,
92006,2,LE GRIP,Constance,Mme,ENS,Ensemble ! (Majorité présidentielle),22960,"45,02","30,03",OUI,9206,92,11,94.0,6ème circonscription,1,11,92,OUI,
92007,3,CAZENEUVE,Pierre,M.,ENS,Ensemble ! (Majorité présidentielle),34053,"53,20","38,55",OUI,9207,92,11,,7ème circonscription,1,11,92,,OUI
92008,2,THEVENOT,Prisca,Mme,ENS,Ensemble ! (Majorité présidentielle),27453,"62,44","40,24",OUI,9208,92,11,96.0,8ème circonscription,1,11,92,OUI,
92009,4,SÉJOURNÉ,Stéphane,M.,ENS,Ensemble ! (Majorité présidentielle),27978,"72,63","44,08",OUI,9209,92,11,97.0,9ème circonscription,1,11,92,OUI,
92010,7,ATTAL,Gabriel,M.,ENS,Ensemble ! (Majorité présidentielle),29924,"58,23","37,28",OUI,9210,92,11,98.0,10ème circonscription,1,11,92,OUI,
92011,5,SAINTOUL,Aurélien,M.,UG,Union de la gauche,25031,"50,14","34,93",OUI,9211,92,11,,11ème circonscription,1,11,92,,OUI
92012,6,BERGER,Jean-Didier,M.,LR,Les Républicains,34455,"54,31","36,72",OUI,9212,92,11,100.0,12ème circonscription,1,11,92,OUI,
92013,4,BREGEON,Maud,Mme,ENS,Ensemble ! (Majorité présidentielle),33310,"56,12","37,28",OUI,9213,92,11,101.0,13ème circonscription,1,11,92,OUI,
93001,7,COQUEREL,Éric,M.,UG,Union de la gauche,27298,"65,28","39,04",OUI,9301,93,11,,1ère circonscription,1,11,93,,OUI
93002,6,PEU,Stéphane,M.,UG,Union de la gauche,22055,"71,80","38,77",OUI,9302,93,11,,2ème circonscription,1,11,93,,OUI
93003,2,PORTES,Thomas,M.,UG,Union de la gauche,30688,"69,71","39,60",OUI,9303,93,11,104.0,3ème circonscription,1,11,93,OUI,
93004,2,BOUROUAHA,Soumya,Mme,UG,Union de la gauche,19486,"69,98","28,88",OUI,9304,93,11,105.0,4ème circonscription,1,11,93,OUI,
93005,5,DIOUARA,Aly,M.,UG,Union de la gauche,20511,"60,55","31,11",OUI,9305,93,11,106.0,5ème circonscription,1,11,93,OUI,
93006,3,LACHAUD,Bastien,M.,UG,Union de la gauche,25777,"71,68","42,38",OUI,9306,93,11,,6ème circonscription,1,11,93,,OUI
93007,2,CORBIÈRE,Alexis,M.,DVG,Divers gauche,25033,"57,16","29,98",OUI,9307,93,11,108.0,7ème circonscription,1,11,93,OUI,
93008,8,KELOUA HACHI,Fatiha,Mme,UG,Union de la gauche,24476,"68,41","39,02",OUI,9308,93,11,109.0,8ème circonscription,1,11,93,OUI,
93009,1,TROUVÉ,Aurélie,Mme,UG,Union de la gauche,29935,"63,19","39,27",OUI,9309,93,11,,9ème circonscription,1,11,93,,OUI
93010,2,ABOMANGOLI,Nadège,Mme,UG,Union de la gauche,21282,"52,60","31,30",OUI,9310,93,11,,10ème circonscription,1,11,93,,OUI
93011,3,AUTAIN,Clémentine,Mme,UG,Union de la gauche,22209,"62,65","34,37",OUI,9311,93,11,,11ème circonscription,1,11,93,,OUI
93012,4,LEGAVRE,Jérôme,M.,UG,Union de la gauche,22974,"64,59","34,60",OUI,9312,93,11,113.0,12ème circonscription,1,11,93,OUI,
94001,3,BERRIOS,Sylvain,M.,DVD,Divers droite,29142,"48,75","33,90",OUI,9401,94,11,114.0,1ère circonscription,1,11,94,OUI,
94002,8,GUETTÉ,Clémence,Mme,UG,Union de la gauche,22494,"55,00","34,41",OUI,9402,94,11,,2ème circonscription,1,11,94,,OUI
94003,8,BOYARD,Louis,M.,UG,Union de la gauche,21492,"46,92","28,89",OUI,9403,94,11,116.0,3ème circonscription,1,11,94,OUI,
94004,10,PETIT,Maud,Mme,ENS,Ensemble ! (Majorité présidentielle),18454,"36,63","24,63",OUI,9404,94,11,117.0,4ème circonscription,1,11,94,OUI,
94005,6,LEFEVRE,Mathieu,M.,ENS,Ensemble ! (Majorité présidentielle),26159,"43,27","28,52",OUI,9405,94,11,118.0,5ème circonscription,1,11,94,OUI,
94006,5,GOUFFIER VALENTE,Guillaume,M.,ENS,Ensemble ! (Majorité présidentielle),28834,"52,54","34,97",OUI,9406,94,11,119.0,6ème circonscription,1,11,94,OUI,
94007,6,JEANBRUN,Vincent,M.,LR,Les Républicains,20633,"50,67","30,88",OUI,9407,94,11,120.0,7ème circonscription,1,11,94,OUI,
94008,2,HERBILLON,Michel,M.,LR,Les Républicains,30568,"58,44","39,69",OUI,9408,94,11,121.0,8ème circonscription,1,11,94,OUI,
94009,8,SANTIAGO,Isabelle,Mme,UG,Union de la gauche,19548,"58,09","35,90",OUI,9409,94,11,,9ème circonscription,1,11,94,,OUI
94010,7,PANOT,Mathilde,Mme,UG,Union de la gauche,25536,"59,27","38,33",OUI,9410,94,11,,10ème circonscription,1,11,94,,OUI
94011,2,TAILLÉ-POLIAN,Sophie,Mme,UG,Union de la gauche,24447,"57,36","37,01",OUI,9411,94,11,,11ème circonscription,1,11,94,,OUI
95001,6,SICARD,Anne,Mme,RN,Rassemblement National,21025,"37,51","25,02",OUI,9501,95,11,125.0,1ère circonscription,1,11,95,OUI,
95002,6,HADIZADEH,Ayda,Mme,UG,Union de la gauche,28342,"59,51","35,97",OUI,9502,95,11,126.0,2ème circonscription,1,11,95,OUI,
95003,4,MAUREL,Emmanuel,M.,UG,Union de la gauche,36489,"62,54","37,88",OUI,9503,95,11,127.0,3ème circonscription,1,11,95,OUI,
95004,6,MOUTCHOU,Naïma,Mme,ENS,Ensemble ! (Majorité présidentielle),24840,"55,39","32,57",OUI,9504,95,11,128.0,4ème circonscription,1,11,95,OUI,
95005,5,VANNIER,Paul,M.,UG,Union de la gauche,23308,"56,01","32,90",OUI,9505,95,11,,5ème circonscription,1,11,95,,OUI
95006,4,CATHALA,Gabrielle,Mme,UG,Union de la gauche,21326,"43,64","28,14",OUI,9506,95,11,130.0,6ème circonscription,1,11,95,OUI,
95007,4,ESKENAZI,Romain,M.,UG,Union de la gauche,24713,"60,57","36,04",OUI,9507,95,11,131.0,7ème circonscription,1,11,95,OUI,
95008,5,BILONGO,Carlos Martens,M.,UG,Union de la gauche,17386,"58,27","31,18",OUI,9508,95,11,,8ème circonscription,1,11,95,,OUI
95009,9,LE GALL,Arnaud,M.,UG,Union de la gauche,23918,"60,27","33,38",OUI,9509,95,11,133.0,9ème circonscription,1,11,95,OUI,
95010,4,TACHÉ,Aurélien,M.,UG,Union de la gauche,26852,"69,62","40,19",OUI,9510,95,11,134.0,10ème circonscription,1,11,95,OUI,
ZA001,4,SERVA,Olivier,M.,DVG,Divers gauche,18043,"77,59","23,81",OUI,97101,971,1,19.0,1ère circonscription,1,1,971,OUI,
ZA002,6,BAPTISTE,Christian,M.,DVG,Divers gauche,19801,"72,38","22,32",OUI,97102,971,1,20.0,2ème circonscription,1,1,971,OUI,
ZA003,2,MATHIASIN,Max,M.,DVG,Divers gauche,21715,"69,15","25,32",OUI,97103,971,1,21.0,3ème circonscription,1,1,971,OUI,
ZA004,1,CALIFER,Elie,M.,SOC,Parti socialiste,15068,"71,09","21,93",OUI,97104,971,1,22.0,4ème circonscription,1,1,971,OUI,
ZB001,8,WILLIAM,Jiovanny,M.,REG,Régionaliste,18552,"81,97","23,09",OUI,97201,972,2,23.0,1ère circonscription,1,2,972,OUI,
ZB002,4,NADEAU,Marcellin,M.,REG,Régionaliste,17230,"65,68","21,63",OUI,97202,972,2,24.0,2ème circonscription,1,2,972,OUI,
ZB003,2,BELLAY,Beatrice,Mme,SOC,Parti socialiste,10243,"54,53","17,00",OUI,97203,972,2,25.0,3ème circonscription,1,2,972,OUI,
ZB004,4,NILOR,Jean-Philippe,M.,REG,Régionaliste,21620,"86,58","25,61",OUI,97204,972,2,26.0,4ème circonscription,1,2,972,OUI,
ZC001,1,CASTOR,Jean-Victor,M.,REG,Régionaliste,14302,"76,11","24,13",OUI,97301,973,3,27.0,1ère circonscription,1,3,973,OUI,
ZC002,5,RIMANE,Davy,M.,REG,Régionaliste,8422,"100,00","16,95",OUI,97302,973,3,28.0,2ème circonscription,1,3,973,OUI,
ZD001,1,NAILLET,Philippe,M.,UG,Union de la gauche,27276,"64,72","30,80",OUI,97401,974,4,29.0,1ère circonscription,1,4,974,OUI,
ZD002,5,LEBON,Karine,Mme,UG,Union de la gauche,28500,"67,46","28,01",OUI,97402,974,4,30.0,2ème circonscription,1,4,974,OUI,
ZD003,1,RIVIERE,Joseph,M.,RN,Rassemblement National,22831,"51,43","23,09",OUI,97403,974,4,31.0,3ème circonscription,1,4,974,OUI,
ZD004,2,KBIDI,Emeline,Mme,DVG,Divers gauche,32405,"60,59","29,06",OUI,97404,974,4,32.0,4ème circonscription,1,4,974,OUI,
ZD005,5,RATENON,Jean-Hugues,M.,DVG,Divers gauche,20285,"53,75","22,37",OUI,97405,974,4,33.0,5ème circonscription,1,4,974,OUI,
ZD006,3,MAILLOT,Frédéric,M.,DVG,Divers gauche,21974,"58,23","25,92",OUI,97406,974,4,34.0,6ème circonscription,1,4,974,OUI,
ZD007,9,GAILLARD,Perceval,M.,UG,Union de la gauche,29190,"57,33","24,08",OUI,97407,974,4,35.0,7ème circonscription,1,4,974,OUI,
ZM001,2,YOUSSOUFFA,Estelle,Mme,DVD,Divers droite,13640,"79,48","29,87",OUI,97601,976,6,,1ère circonscription,1,6,976,,OUI
ZM002,8,BAMANA,Anchya,Mme,RN,Rassemblement National,12971,"53,77","24,72",OUI,97602,976,6,37.0,2ème circonscription,1,6,976,OUI,
ZN001,2,METZDORF,Nicolas,M.,DVD,Divers droite,34577,"52,41","35,59",OUI,98801,988,0,5.0,1ere circonscription,1,0,988,OUI,
ZN002,2,TJIBAOU,Emmanuel,M.,REG,Régionaliste,51724,"57,44","41,40",OUI,98802,988,0,6.0,2ème circonscription,1,0,988,OUI,
ZP001,3,FREBAULT,Moerani,M.,DVD,Divers droite,18456,"53,85","25,02",OUI,98701,987,0,,1ere circonscription,1,0,987,,OUI
ZP002,1,SANQUER,Nicole,Mme,DVD,Divers droite,17838,"55,88","25,76",OUI,98702,987,0,3.0,2ème circonscription,1,0,987,OUI,
ZP003,3,REID ABERLOT,Mereana,Mme,UG,Union de la gauche,17308,"50,87","25,07",OUI,98703,987,0,4.0,3ème circonscription,1,0,987,OUI,
ZS001,1,LENORMAND,Stéphane,M.,DVD,Divers droite,1665,"61,74","32,85",OUI,97501,975,0,0.0,Saint-Pierre-et-Miquelon,1,0,975,OUI,
ZW001,4,SEO,Mikaele,M.,ENS,Ensemble ! (Majorité présidentielle),4281,"62,25","47,40",OUI,98601,986,0,,1ère circonscription,1,0,986,,OUI
ZX001,8,GUMBS,Frantz,M.,DVC,Divers centre,3942,"56,02","15,62",OUI,ZX01,ZX,0,7.0,1ère circonscription,1,0,ZX,OUI,
ZZ001,1,LESCURE,Roland,M.,ENS,Ensemble ! (Majorité présidentielle),50333,"54,25","18,93",OUI,ZZ01,ZZ,0,8.0,1ere circonscription,1,0,ZZ,OUI,
ZZ002,6,CAROIT,Eléonore,Mme,ENS,Ensemble ! (Majorité présidentielle),9947,"53,27","12,16",OUI,ZZ02,ZZ,0,9.0,2ème circonscription,1,0,ZZ,OUI,
ZZ003,5,CAURE,Vincent,M.,ENS,Ensemble ! (Majorité présidentielle),38134,"50,54","23,74",OUI,ZZ03,ZZ,0,10.0,3ème circonscription,1,0,ZZ,OUI,
ZZ004,9,ANGLADE,Pieyre-Alexandre,M.,ENS,Ensemble ! (Majorité présidentielle),36476,"50,24","23,08",OUI,ZZ04,ZZ,0,11.0,4ème circonscription,1,0,ZZ,OUI,
ZZ005,8,VOJETTA,Stéphane,M.,DVC,Divers centre,25894,"61,47","22,42",OUI,ZZ05,ZZ,0,12.0,5ème circonscription,1,0,ZZ,OUI,
ZZ006,3,FERRACCI,Marc,M.,ENS,Ensemble ! (Majorité présidentielle),34771,"59,48","21,77",OUI,ZZ06,ZZ,0,13.0,6ème circonscription,1,0,ZZ,OUI,
ZZ007,1,PETIT,Frédéric,M.,ENS,Ensemble ! (Majorité présidentielle),34516,"58,21","26,39",OUI,ZZ07,ZZ,0,14.0,7ème circonscription,1,0,ZZ,OUI,
ZZ008,6,YADAN,Caroline,Mme,ENS,Ensemble ! (Majorité présidentielle),18302,"52,70","12,29",OUI,ZZ08,ZZ,0,15.0,8ème circonscription,1,0,ZZ,OUI,
ZZ009,9,BEN CHEÏKH,Karim,M.,UG,Union de la gauche,26271,"74,71","20,15",OUI,ZZ09,ZZ,0,16.0,9ème circonscription,1,0,ZZ,OUI,
ZZ010,3,LAKRAFI,Amélia,Mme,ENS,Ensemble ! (Majorité présidentielle),17055,"53,23","14,98",OUI,ZZ10,ZZ,0,17.0,10ème circonscription,1,0,ZZ,OUI,
ZZ011,13,GENETET,Anne,Mme,ENS,Ensemble ! (Majorité présidentielle),21468,"57,04","20,52",OUI,ZZ11,ZZ,0,18.0,11ème circonscription,1,0,ZZ,OUI,
